Workbook

Sheet Datos
A1: Tasa de desempleo anual (% de la población activa)
A2: Periodo: 1993-2024 | Año base: 1993
A4: Año | B4: Eurozona | C4: EE.UU. | D4: Reino Unido | F4: Construcción de la Eurozona (media aritmética simple)
A5: 1993 | B5: 9.856 | C5: 6.9 | D5: 10.346 | F5: Países incluidos:
A6: 1994 | B6: 10.463 | C6: 6.119 | D6: 9.648 | F6: Alemania, Austria, Bélgica, Chipre, Croacia, Eslovaquia, Eslovenia, España, Estonia, Finlandia, Francia, Grecia, Irlanda, Italia, Letonia, Lituania, Luxemburgo, Malta, Países Bajos, Portugal
A7: 1995 | B7: 10.482 | C7: 5.65 | D7: 8.694
A8: 1996 | B8: 10.449 | C8: 5.451 | D8: 8.189
A9: 1997 | B9: 9.841 | C9: 5 | D9: 7.072
A10: 1998 | B10: 9.545 | C10: 4.511 | D10: 6.198
A11: 1999 | B11: 9.458 | C11: 4.219 | D11: 6.042
A12: 2000 | B12: 9.291 | C12: 3.992 | D12: 5.558
A13: 2001 | B13: 8.73 | C13: 4.731 | D13: 4.696
A14: 2002 | B14: 8.529 | C14: 5.783 | D14: 5.037
A15: 2003 | B15: 8.735 | C15: 5.989 | D15: 4.807
A16: 2004 | B16: 8.805 | C16: 5.529 | D16: 4.594
A17: 2005 | B17: 8.355 | C17: 5.084 | D17: 4.884
A18: 2006 | B18: 7.404 | C18: 4.623 | D18: 5.472
... A36: 2024 | B36: 6.114 | C36: 4.022 | D36: 4.361
A38: Fuente: Variables_y_tipos_de_interes.xlsx (hoja DESEMPLEO). La serie Eurozona se ha construido como media aritmética de los 20 países miembros incluidos en la base.

Sheet Crecimiento anual
A1: Crecimiento anual de la tasa de desempleo (%)
A2: Fórmula: (Valor_t − Valor_t−1) / Valor_t−1 × 100
A4: Año | B4: Eurozona | C4: EE.UU. | D4: Reino Unido
A5: =Datos!A5 -> 1993 | B5: — | C5: — | D5: —
A6: =Datos!A6 -> 1994 | B6: =(Datos!B6-Datos!B5)/Datos!B5*100 -> 6.1586851 | C6: =(Datos!C6-Datos!C5)/Datos!C5*100 -> -11.318841 | D6: =(Datos!D6-Datos!D5)/Datos!D5*100 -> -6.7465687
A7: =Datos!A7 -> 1995 | B7: =(Datos!B7-Datos!B6)/Datos!B6*100 -> 0.18159228 | C7: =(Datos!C7-Datos!C6)/Datos!C6*100 -> -7.6646511 | D7: =(Datos!D7-Datos!D6)/Datos!D6*100 -> -9.8880597
A8: =Datos!A8 -> 1996 | B8: =(Datos!B8-Datos!B7)/Datos!B7*100 -> -0.31482541 | C8: =(Datos!C8-Datos!C7)/Datos!C7*100 -> -3.5221239 | D8: =(Datos!D8-Datos!D7)/Datos!D7*100 -> -5.8086036
A9: =Datos!A9 -> 1997 | B9: =(Datos!B9-Datos!B8)/Datos!B8*100 -> -5.8187386 | C9: =(Datos!C9-Datos!C8)/Datos!C8*100 -> -8.2737112 | D9: =(Datos!D9-Datos!D8)/Datos!D8*100 -> -13.640249
A10: =Datos!A10 -> 1998 | B10: =(Datos!B10-Datos!B9)/Datos!B9*100 -> -3.0078244 | C10: =(Datos!C10-Datos!C9)/Datos!C9*100 -> -9.78 | D10: =(Datos!D10-Datos!D9)/Datos!D9*100 -> -12.358597
A11: =Datos!A11 -> 1999 | B11: =(Datos!B11-Datos!B10)/Datos!B10*100 -> -0.91147197 | C11: =(Datos!C11-Datos!C10)/Datos!C10*100 -> -6.4730658 | D11: =(Datos!D11-Datos!D10)/Datos!D10*100 -> -2.5169409
A12: =Datos!A12 -> 2000 | B12: =(Datos!B12-Datos!B11)/Datos!B11*100 -> -1.765701 | C12: =(Datos!C12-Datos!C11)/Datos!C11*100 -> -5.3804219 | D12: =(Datos!D12-Datos!D11)/Datos!D11*100 -> -8.0105925
A13: =Datos!A13 -> 2001 | B13: =(Datos!B13-Datos!B12)/Datos!B12*100 -> -6.0381014 | C13: =(Datos!C13-Datos!C12)/Datos!C12*100 -> 18.512024 | D13: =(Datos!D13-Datos!D12)/Datos!D12*100 -> -15.509176
A14: =Datos!A14 -> 2002 | B14: =(Datos!B14-Datos!B13)/Datos!B13*100 -> -2.3024055 | C14: =(Datos!C14-Datos!C13)/Datos!C13*100 -> 22.236314 | D14: =(Datos!D14-Datos!D13)/Datos!D13*100 -> 7.2614991
A15: =Datos!A15 -> 2003 | B15: =(Datos!B15-Datos!B14)/Datos!B14*100 -> 2.415289 | C15: =(Datos!C15-Datos!C14)/Datos!C14*100 -> 3.562165 | D15: =(Datos!D15-Datos!D14)/Datos!D14*100 -> -4.56621
A16: =Datos!A16 -> 2004 | B16: =(Datos!B16-Datos!B15)/Datos!B15*100 -> 0.80137378 | C16: =(Datos!C16-Datos!C15)/Datos!C15*100 -> -7.680748 | D16: =(Datos!D16-Datos!D15)/Datos!D15*100 -> -4.4310381
A17: =Datos!A17 -> 2005 | B17: =(Datos!B17-Datos!B16)/Datos!B16*100 -> -5.1107325 | C17: =(Datos!C17-Datos!C16)/Datos!C16*100 -> -8.0484717 | D17: =(Datos!D17-Datos!D16)/Datos!D16*100 -> 6.3125816
... A36: =Datos!A36 -> 2024 | B36: =(Datos!B36-Datos!B35)/Datos!B35*100 -> -0.79506734 | C36: =(Datos!C36-Datos!C35)/Datos!C35*100 -> 10.55525 | D36: =(Datos!D36-Datos!D35)/Datos!D35*100 -> 8.3478261

Sheet Estadística
A1: Análisis estadístico (1993-2024)
A2: Todos los estadísticos se calculan a partir de la hoja "Datos"
A4: Estadístico | B4: Eurozona | C4: EE.UU. | D4: Reino Unido
A5: Media (%) | B5: =AVERAGE(Datos!B5:B36) -> 8.9383437 | C5: =AVERAGE(Datos!C5:C36) -> 5.6318125 | D5: =AVERAGE(Datos!D5:D36) -> 6.0286875
A6: Mediana (%) | B6: =MEDIAN(Datos!B5:B36) -> 9.048 | C6: =MEDIAN(Datos!C5:C36) -> 5.3145 | D6: =MEDIAN(Datos!D5:D36) -> 5.512
A7: Máximo (%) | B7: =MAX(Datos!B5:B36) -> 12.124 | C7: =MAX(Datos!C5:C36) -> 9.633 | D7: =MAX(Datos!D5:D36) -> 10.346
A8: Mínimo (%) | B8: =MIN(Datos!B5:B36) -> 6.114 | C8: =MIN(Datos!C5:C36) -> 3.638 | D8: =MIN(Datos!D5:D36) -> 3.657
A9: Desviación típica | B9: =STDEV(Datos!B5:B36) -> 1.7359724 | C9: =STDEV(Datos!C5:C36) -> 1.6713872 | D9: =STDEV(Datos!D5:D36) -> 1.8077671
A10: Año del máximo | B10: =INDEX(Datos!A5:A36,MATCH(MAX(Datos!B5:B36),Datos!B5:B36,0)) -> 2013 | C10: =INDEX(Datos!A5:A36,MATCH(MAX(Datos!C5:C36),Datos!C5:C36,0)) -> 2010 | D10: =INDEX(Datos!A5:A36,MATCH(MAX(Datos!D5:D36),Datos!D5:D36,0)) -> 1993
A11: Año del mínimo | B11: =INDEX(Datos!A5:A36,MATCH(MIN(Datos!B5:B36),Datos!B5:B36,0)) -> 2024 | C11: =INDEX(Datos!A5:A36,MATCH(MIN(Datos!C5:C36),Datos!C5:C36,0)) -> 2023 | D11: =INDEX(Datos!A5:A36,MATCH(MIN(Datos!D5:D36),Datos!D5:D36,0)) -> 2019
A12: Coef. variación (%) | B12: =B9/B5*100 -> 19.421633 | C12: =C9/C5*100 -> 29.677608 | D12: =D9/D5*100 -> 29.98608
A13: CAGR 1993-2024 (%) | B13: =((Datos!B36/Datos!B5)^(1/31)-1)*100 -> -1.5285177 | C13: =((Datos!C36/Datos!C5)^(1/31)-1)*100 -> -1.726034 | D13: =((Datos!D36/Datos!D5)^(1/31)-1)*100 -> -2.7482974
A14: Rango (Máx − Mín) | B14: =B7-B8 -> 6.01 | C14: =C7-C8 -> 5.995 | D14: =D7-D8 -> 6.689
A17: Notas metodológicas
A18: • Media: AVERAGE(rango) — promedio aritmético simple de las observaciones anuales.
A19: • Mediana: MEDIAN(rango) — valor central de la distribución ordenada.
A20: • Desviación típica: STDEV(rango) — desviación típica muestral (n−1 en el denominador).
A21: • Coeficiente de variación: σ/μ × 100 — medida de dispersión relativa, comparable entre series.
A22: • CAGR: (V_final / V_inicial)^(1/(n−1)) − 1 — tasa de variación anual compuesta entre 1993 y 2024 (31 periodos).
A23: • Año máx/mín: INDEX/MATCH sobre la columna de años de la hoja "Datos".
