Workbook

Sheet PORTADA
B2: Análisis Histórico Comparado del PIB per cápita y de la Inflación
B3: Eurozona, Estados Unidos y Reino Unido | Periodo 1993–2024
B5: Resumen metodológico
B7: • Datos del PIB per cápita expresados en dólares estadounidenses constantes del año 2015, lo que permite eliminar el efecto de la inflación y de las variaciones de tipo de cambio nominales, posibilitando una comparación homogénea entre países a lo largo del tiempo.
B9: • Datos de inflación medidos como variación anual del Índice de Precios al Consumo (IPC).
B11: • El periodo de análisis se extiende de 1993 a 2024 (32 observaciones anuales), tomándose 1993 como año base por ser el primer ejercicio con disponibilidad completa de información para todos los países de la muestra.
B13: • La agregación de la Eurozona se realiza sobre los veinte países miembros actuales (composición de 2024), aplicada retrospectivamente para todo el periodo. El PIB per cápita agregado se calcula como cociente entre la suma del PIB total en USD constantes 2015 y la suma de las poblaciones nacionales. La tasa de inflación agregada se calcula como media ponderada por población.
B15: • La población anual de cada país se obtiene de forma derivada como cociente entre el PIB total y el PIB per cápita, garantizando consistencia interna entre series.
B17: • Los estadísticos descriptivos calculados incluyen media aritmética, mediana, máximo, mínimo, desviación típica muestral, coeficiente de variación y tasa de crecimiento anual compuesta (CAGR).
B19: Estructura del libro
B20: 1. PORTADA — Resumen y metodología.
B21: 2. DATOS_PIBPC — PIB per cápita por país, USD constantes 2015.
... B33: • Texto verde: referencias a otras hojas.

Sheet DATOS_PIBPC
A1: PIB per cápita por país — USD constantes de 2015
A3: Código | B3: País | C3: 1993 | D3: 1994 | E3: 1995 | F3: 1996 | G3: 1997 | H3: 1998 | I3: 1999 | J3: 2000 | K3: 2001 | L3: 2002 | M3: 2003 | N3: 2004 | O3: 2005 | P3: 2006 | Q3: 2007 | R3: 2008 | S3: 2009 | T3: 2010 | U3: 2011 | V3: 2012 | W3: 2013 | X3: 2014 | Y3: 2015 | Z3: 2016 | AA3: 2017 | AB3: 2018 | AC3: 2019 | AD3: 2020 | AE3: 2021 | AF3: 2022 | AG3: 2023 | AH3: 2024
A4: DEU | B4: Alemania | C4: 30932.019 | D4: 31625.394 | E4: 32007.145 | F4: 32245.861 | G4: 32795.783 | H4: 33477.986 | I4: 34168.831 | J4: 35104.131 | K4: 35618.514 | L4: 35477.515 | M4: 35270.023 | N4: 35687.638 | O4: 36024.095 | P4: 37459.261 | Q4: 38593.075 | R4: 39009.848 | S4: 36940.408 | T4: 38526.737 | U4: 40722.485 | V4: 40834.509 | W4: 40884.893 | X4: 41602.466 | Y4: 41929.755 | Z4: 42516.934 | AA4: 43543.481 | AB4: 43905.855 | AC4: 44235.266 | AD4: 42372.873 | AE4: 44011.019 | AF4: 44817.132 | AG4: 44368.992 | AH4: 44027.763
A5: AUT | B5: Austria | C5: 32134.83 | D5: 32780.342 | E5: 33603.428 | F5: 34301.656 | G5: 34998.032 | H5: 36180.749 | I5: 37468.87 | J5: 38571.086 | K5: 38929.754 | L5: 39313.723 | M5: 39569.289 | N5: 40333.331 | O5: 40989.013 | P5: 42120.156 | Q5: 43568.83 | R5: 44063.864 | S5: 42372.476 | T5: 43035.407 | U5: 44146.196 | V5: 44221.46 | W5: 43851.368 | X5: 43838.835 | Y5: 43915.228 | Z5: 44362.67 | AA5: 45056.639 | AB5: 45951.582 | AC5: 46550.562 | AD5: 43428.698 | AE5: 45368.643 | AF5: 47332.424 | AG5: 46497.911 | AH5: 45958.825
A6: BEL | B6: Bélgica | C6: 29967.394 | D6: 30839.241 | E6: 31508.623 | F6: 31862.669 | G6: 32991.501 | H6: 33566.988 | I6: 34676.605 | J6: 35878.315 | K6: 36148.288 | L6: 36600.863 | M6: 36826.27 | N6: 37976.697 | O6: 38645.261 | P6: 39371.086 | Q6: 40520.084 | R6: 40380.908 | S6: 39293.638 | T6: 39991.565 | U6: 40236.96 | V6: 40074.493 | W6: 40007.9 | X6: 40533.914 | Y6: 40893.805 | Z6: 41172.886 | AA6: 41619.329 | AB6: 42208.363 | AC6: 43006.404 | AD6: 40769.022 | AE6: 43140.968 | AF6: 44486.744 | AG6: 44866.194 | AH6: 45045.66
A7: CYP | B7: Chipre | C7: 17623.285 | D7: 18281.021 | E7: 19453.846 | F7: 19385.287 | G7: 19617.186 | H7: 20562.297 | I7: 21349.75 | J7: 22383.965 | K7: 23019.25 | L7: 23604.189 | M7: 23930.783 | N7: 24799.648 | O7: 25631.367 | P7: 26395.504 | Q7: 27156.818 | R7: 27449.227 | S7: 26183.686 | T7: 26090.049 | U7: 25538.781 | V7: 24285.496 | W7: 22711.719 | X7: 22373.578 | Y7: 23088.441 | Z7: 24477.986 | AA7: 25666.004 | AB7: 26962.406 | AC7: 28167.16 | AD7: 26895.684 | AE7: 29517.072 | AF7: 31370.551 | AG7: 31884.844 | AH7: 32617.217
A8: HRV | B8: Croacia | C8: 6490.8346 | D8: 6795.7125 | E8: 7304.7093 | F8: 7857.9924 | G8: 8383.4705 | H8: 8577.5069 | I8: 8541.5326 | J8: 8880.2698 | K8: 9515.7357 | L8: 10062.04 | M8: 10619.308 | N8: 11059.098 | O8: 11522.791 | P8: 12104.042 | Q8: 12717.988 | R8: 12970.438 | S8: 12099.552 | T8: 11965.005 | U8: 11993.071 | V8: 11780.474 | W8: 11838.215 | X8: 11862.761 | Y8: 12283.784 | Z8: 12848.42 | AA8: 13485.301 | AB8: 14060.987 | AC8: 14641.664 | AD8: 13545.488 | AE8: 15395.129 | AF8: 16618.111 | AG8: 17225.154 | AH8: 17854.209
A9: SVK | B9: Eslovaquia | C9: 6946.8456 | D9: 7348.9184 | E9: 7755.6233 | F9: 8212.8319 | G9: 8647.3943 | H9: 8966.2193 | I9: 8914.6833 | J9: 8997.212 | K9: 9277.3581 | L9: 9690.6847 | M9: 10168.023 | N9: 10718.21 | O9: 11412.159 | P9: 12430.202 | Q9: 13770.96 | R9: 14497.111 | S9: 13680.754 | T9: 14596.148 | U9: 14950.874 | V9: 15159.657 | W9: 15249.882 | X9: 15647.649 | Y9: 16442.076 | Z9: 16740.741 | AA9: 17195.289 | AB9: 17869.015 | AC9: 18250.98 | AD9: 17763.856 | AE9: 18808.454 | AF9: 18964.83 | AG9: 19383.373 | AH9: 19776.176
A10: SVN | B10: Eslovenia | C10: 12098.341 | D10: 12757.63 | E10: 13278.743 | F10: 13674.183 | G10: 14400.671 | H10: 14874.29 | I10: 15646.689 | J10: 16146.122 | K10: 16576.716 | L10: 17099.658 | M10: 17635.361 | N10: 18425.26 | O10: 19102.278 | P10: 20166.532 | Q10: 21485.781 | R10: 22175.237 | S10: 20307.619 | T10: 20444.12 | U10: 20535.416 | V10: 19894.87 | W10: 19704.219 | X10: 20228.708 | Y10: 20697.275 | Z10: 21309.712 | AA10: 22397.763 | AB10: 23293.967 | AC10: 23943.18 | AD10: 22811.805 | AE10: 24665.441 | AF10: 25275.716 | AG10: 25773.902 | AH10: 26134.627
A11: ESP | B11: España | C11: 19394.493 | D11: 19762.389 | E11: 20217.903 | F11: 20658.84 | G11: 21310.431 | H11: 22135.405 | I11: 23017.839 | J11: 24106.882 | K11: 24878.378 | L11: 25205.315 | M11: 25481.165 | N11: 25825.311 | O11: 26294.447 | P11: 26899.092 | Q11: 27338.795 | R11: 27112.526 | S11: 25860.814 | T11: 25766.252 | U11: 25510.558 | V11: 24763.568 | W11: 24498.556 | X11: 24947.851 | Y11: 25982.442 | Z11: 26719.244 | AA11: 27426.281 | AB11: 27956.723 | AC11: 28301.439 | AD11: 25077.02 | AE11: 26705.363 | AF11: 28203.109 | AG11: 28558.632 | AH11: 29245.219
A12: EST | B12: Estonia | C12: 6706.56 | D12: 6738.9991 | E12: 7170.9461 | F12: 7637.2571 | G12: 8732.9909 | H12: 9199.9353 | I12: 9133.8959 | J12: 10006.77 | K12: 10662.946 | L12: 11474.662 | M12: 12424.044 | N12: 13348.528 | O12: 14703.618 | P12: 16234.515 | Q12: 17543.466 | R12: 16688.998 | S12: 14274.851 | T12: 14657.94 | U12: 15820.922 | V12: 16460.684 | W12: 16809.533 | X12: 17413.687 | Y12: 17722.156 | Z12: 18264.987 | AA12: 19270.814 | AB12: 19914.345 | AC12: 20579.876 | AD12: 19946.946 | AE12: 21570.666 | AF12: 21023.299 | AG12: 20126.373 | AH12: 20078.14
A13: FIN | B13: Finlandia | C13: 27807.861 | D13: 28785.92 | E13: 29890.524 | F13: 30883.835 | G13: 32762.118 | H13: 34457.456 | I13: 35886.495 | J13: 37872.602 | K13: 38784.131 | L13: 39343.07 | M13: 40038.984 | N13: 41521.963 | O13: 42529.351 | P13: 44069.396 | Q13: 46213.69 | R13: 46359.873 | S13: 42412.513 | T13: 43556.539 | U13: 44391.454 | V13: 43507.935 | W13: 42883.638 | X13: 42502.488 | Y13: 42560.346 | Z13: 43529.676 | AA13: 44862.22 | AB13: 45337.241 | AC13: 45898.571 | AD13: 44690.98 | AE13: 45792.045 | AF13: 46016.149 | AG13: 45357.03 | AH13: 45254.036
A14: FRA | B14: Francia | C14: 28257.096 | D14: 28822.501 | E14: 29379.616 | F14: 29683.779 | G14: 30325.523 | H14: 31256.507 | I14: 32152.721 | J14: 33255.138 | K14: 33640.674 | L14: 33753.578 | M14: 33840.618 | N14: 34557.147 | O14: 34946.037 | P14: 35645.416 | Q14: 36322.169 | R14: 36257.366 | S14: 35052.851 | T14: 35578.197 | U14: 36269.956 | V14: 36161.292 | W14: 36256.087 | X14: 36444.395 | Y14: 36702.432 | Z14: 36920.534 | AA14: 37580.598 | AB14: 38062.444 | AC14: 38705.207 | AD14: 35709.205 | AE14: 38030.857 | AF14: 38868.33 | AG14: 39319.415 | AH14: 39683.395
... A25: GBR | B25: Reino Unido | C25: 30862.412 | D25: 32308.795 | E25: 33362.016 | F25: 34147.346 | G25: 35721.611 | H25: 36773.929 | I25: 37730.716 | J25: 39297.137 | K25: 40082.136 | L25: 40594.933 | M25: 41706.83 | N25: 42434.821 | O25: 43320.563 | P25: 43944.999 | Q25: 44882.141 | R25: 44508.287 | S25: 42146.51 | T25: 42762.721 | U25: 42791.093 | V25: 43136.701 | W25: 43585.194 | X25: 44627.882 | Y25: 45255.345 | Z25: 45888.011 | AA25: 47018.025 | AB25: 47514.776 | AC25: 47864.759 | AD25: 42982.463 | AE25: 46487.342 | AF25: 48433.01 | AG25: 47934.938 | AH25: 47960.911

Sheet DATOS_PIB
A1: PIB total por país — USD constantes de 2015
A3: Código | B3: País | C3: 1993 | D3: 1994 | E3: 1995 | F3: 1996 | G3: 1997 | H3: 1998 | I3: 1999 | J3: 2000 | K3: 2001 | L3: 2002 | M3: 2003 | N3: 2004 | O3: 2005 | P3: 2006 | Q3: 2007 | R3: 2008 | S3: 2009 | T3: 2010 | U3: 2011 | V3: 2012 | W3: 2013 | X3: 2014 | Y3: 2015 | Z3: 2016 | AA3: 2017 | AB3: 2018 | AC3: 2019 | AD3: 2020 | AE3: 2021 | AF3: 2022 | AG3: 2023 | AH3: 2024
A4: DEU | B4: Alemania | C4: 2.5103302e+12 | D4: 2.5755198e+12 | E4: 2.6142813e+12 | F4: 2.6414142e+12 | G4: 2.6903946e+12 | H4: 2.7467748e+12 | I4: 2.8052693e+12 | J4: 2.8859635e+12 | K4: 2.933182e+12 | L4: 2.9264868e+12 | M4: 2.9109823e+12 | N4: 2.9448104e+12 | O4: 2.9708863e+12 | P4: 3.085761e+12 | Q4: 3.1749123e+12 | R4: 3.2031024e+12 | S4: 3.0255046e+12 | T4: 3.1505983e+12 | U4: 3.2689968e+12 | V4: 3.284149e+12 | W4: 3.2971869e+12 | X4: 3.3690717e+12 | Y4: 3.4250996e+12 | Z4: 3.5012129e+12 | AA4: 3.5991736e+12 | AB4: 3.6400492e+12 | AC4: 3.6756393e+12 | AD4: 3.523765e+12 | AE4: 3.6615442e+12 | AF4: 3.727791e+12 | AG4: 3.6953724e+12 | AH4: 3.6770488e+12
A5: AUT | B5: Austria | C5: 2.5404617e+11 | D5: 2.6014866e+11 | E5: 2.6708939e+11 | F5: 2.7300746e+11 | G5: 2.7886575e+11 | H5: 2.886062e+11 | I5: 2.9946335e+11 | J5: 3.090148e+11 | K5: 3.1308449e+11 | L5: 3.1773181e+11 | M5: 3.2135893e+11 | N5: 3.2960261e+11 | O5: 3.3725059e+11 | P5: 3.4827645e+11 | Q5: 3.6142466e+11 | R5: 3.6667727e+11 | S5: 3.5352725e+11 | T5: 3.599225e+11 | U5: 3.7045911e+11 | V5: 3.7278651e+11 | W5: 3.7185184e+11 | X5: 3.7466229e+11 | Y5: 3.795461e+11 | Z5: 3.8758192e+11 | AA5: 3.9638875e+11 | AB5: 4.0623592e+11 | AC5: 4.1336527e+11 | AD5: 3.872478e+11 | AE5: 4.0631236e+11 | AF5: 4.2797273e+11 | AG5: 4.2460781e+11 | AH5: 4.2180927e+11
A6: BEL | B6: Bélgica | C6: 3.0220544e+11 | D6: 3.1195752e+11 | E6: 3.1939695e+11 | F6: 3.2361757e+11 | G6: 3.3589455e+11 | H6: 3.4248424e+11 | I6: 3.5461749e+11 | J6: 3.6779758e+11 | K6: 3.718419e+11 | L6: 3.7818884e+11 | M6: 3.8211427e+11 | N6: 3.9576037e+11 | O6: 4.0494888e+11 | P6: 4.1528456e+11 | Q6: 4.3055426e+11 | R6: 4.3247843e+11 | S6: 4.2423348e+11 | T6: 4.3573153e+11 | U6: 4.4414618e+11 | V6: 4.4510467e+11 | W6: 4.4646444e+11 | X6: 4.5434695e+11 | Y6: 4.6104477e+11 | Z6: 4.6654735e+11 | AA6: 4.7342644e+11 | AB6: 4.8231724e+11 | AC6: 4.9409972e+11 | AD6: 4.704176e+11 | AE6: 4.9983966e+11 | AF6: 5.1961451e+11 | AG6: 5.2852134e+11 | AH6: 5.3417892e+11
A7: CYP | B7: Chipre | C7: 1.1033727e+10 | D7: 1.1684717e+10 | E7: 1.2661847e+10 | F7: 1.2819936e+10 | G7: 1.3158501e+10 | H7: 1.3962602e+10 | I7: 1.4660447e+10 | J7: 1.5534987e+10 | K7: 1.6149017e+10 | L7: 1.6750241e+10 | M7: 1.718965e+10 | N7: 1.8053648e+10 | O7: 1.892979e+10 | P7: 1.9822099e+10 | Q7: 2.0832674e+10 | R7: 2.159244e+10 | S7: 2.1157334e+10 | T7: 2.1640287e+10 | U7: 2.1730464e+10 | V7: 2.0981332e+10 | W7: 1.9599192e+10 | X7: 1.9251099e+10 | Y7: 1.9909278e+10 | Z7: 2.1218033e+10 | AA7: 2.2438246e+10 | AB7: 2.3845498e+10 | AC7: 2.5246563e+10 | AD7: 2.4433464e+10 | AE7: 2.7218283e+10 | AF7: 2.9470249e+10 | AG7: 3.0536912e+10 | AH7: 3.1740303e+10
A8: HRV | B8: Croacia | C8: 2.9860844e+10 | D8: 3.1613818e+10 | E8: 3.3747976e+10 | F8: 3.5809633e+10 | G8: 3.8018368e+10 | H8: 3.8874419e+10 | I8: 3.8544494e+10 | J8: 3.9679727e+10 | K8: 4.0914257e+10 | L8: 4.3288645e+10 | M8: 4.5699119e+10 | N8: 4.7604994e+10 | O8: 4.9664898e+10 | P8: 5.218245e+10 | Q8: 5.4817286e+10 | R8: 5.589876e+10 | S8: 5.2090762e+10 | T8: 5.1394805e+10 | U8: 5.1337805e+10 | V8: 5.0189156e+10 | W8: 5.012208e+10 | X8: 4.9842553e+10 | Y8: 5.0998893e+10 | Z8: 5.276675e+10 | AA8: 5.4499591e+10 | AB8: 5.6086115e+10 | AC8: 5.7825641e+10 | AD8: 5.3019831e+10 | AE8: 5.9717412e+10 | AF8: 6.4073471e+10 | AG8: 6.6483688e+10 | AH8: 6.9027943e+10
A9: SVK | B9: Eslovaquia | C9: 3.6994072e+10 | D9: 3.928975e+10 | E9: 4.1585645e+10 | F9: 4.4130511e+10 | G9: 4.655144e+10 | H9: 4.8332548e+10 | I9: 4.8103809e+10 | J9: 4.8483456e+10 | K9: 4.9901675e+10 | L9: 5.2105959e+10 | M9: 5.4636588e+10 | N9: 5.7581226e+10 | O9: 6.131533e+10 | P9: 6.6788144e+10 | Q9: 7.4013706e+10 | R9: 7.798334e+10 | S9: 7.3690094e+10 | T9: 7.869408e+10 | U9: 8.0710556e+10 | V9: 8.1977043e+10 | W9: 8.2553607e+10 | X9: 8.4789119e+10 | Y9: 8.9178549e+10 | Z9: 9.0915585e+10 | AA9: 9.3529165e+10 | AB9: 9.7328432e+10 | AC9: 9.9543529e+10 | AD9: 9.6969819e+10 | AE9: 1.0245429e+11 | AF9: 1.0301225e+11 | AG9: 1.0518853e+11 | AH9: 1.0722779e+11
A10: SVN | B10: Eslovenia | C10: 2.4096823e+10 | D10: 2.5380578e+10 | E10: 2.6422999e+10 | F10: 2.7192864e+10 | G10: 2.8599099e+10 | H10: 2.9475325e+10 | I10: 3.1028088e+10 | J10: 3.2113425e+10 | K10: 3.3021813e+10 | L10: 3.4105781e+10 | M10: 3.5195472e+10 | N10: 3.6795466e+10 | O10: 3.821361e+10 | P10: 4.0471568e+10 | Q10: 4.3360927e+10 | R10: 4.4823161e+10 | S10: 4.1420821e+10 | T10: 4.1881477e+10 | U10: 4.2155984e+10 | V10: 4.092691e+10 | W10: 4.0589764e+10 | X10: 4.1711192e+10 | Y10: 4.2709468e+10 | Z10: 4.4005451e+10 | AA10: 4.628247e+10 | AB10: 4.8309218e+10 | AC10: 5.0002578e+10 | AD10: 4.7959972e+10 | AE10: 5.1996698e+10 | AF10: 5.3384233e+10 | AG10: 5.4652553e+10 | AH10: 5.5598806e+10
A11: ESP | B11: España | C11: 7.6339173e+11 | D11: 7.8158484e+11 | E11: 8.03137e+11 | F11: 8.2407808e+11 | G11: 8.5364023e+11 | H11: 8.9036364e+11 | I11: 9.2961858e+11 | J11: 9.779647e+11 | K11: 1.016292e+12 | L11: 1.0442955e+12 | M11: 1.0749904e+12 | N11: 1.1084713e+12 | O11: 1.1478356e+12 | P11: 1.1942476e+12 | Q11: 1.2364463e+12 | R11: 1.2459319e+12 | S11: 1.1989835e+12 | T11: 1.200112e+12 | U11: 1.1924323e+12 | V11: 1.1582677e+12 | W11: 1.1417355e+12 | X11: 1.1590955e+12 | Y11: 1.2061648e+12 | Z11: 1.2413264e+12 | AA11: 1.2772757e+12 | AB11: 1.3078717e+12 | AC11: 1.3335214e+12 | AD11: 1.1876332e+12 | AE11: 1.2670045e+12 | AF11: 1.3477167e+12 | AG11: 1.3808821e+12 | AH11: 1.428595e+12
A12: EST | B12: Estonia | C12: 1.0020459e+10 | D12: 9.8558806e+09 | E12: 1.0302025e+10 | F12: 1.0811255e+10 | G12: 1.2222126e+10 | H12: 1.2752546e+10 | I12: 1.2698344e+10 | J12: 1.3979307e+10 | K12: 1.4801395e+10 | L12: 1.5827575e+10 | M12: 1.7029886e+10 | N12: 1.8188037e+10 | O12: 1.9920094e+10 | P12: 2.1864807e+10 | Q12: 2.3520174e+10 | R12: 2.2314692e+10 | S12: 1.9050003e+10 | T12: 1.951668e+10 | U12: 2.1001309e+10 | V12: 2.1772481e+10 | W12: 2.2154914e+10 | X12: 2.2891075e+10 | Y12: 2.3311848e+10 | Z12: 2.4032888e+10 | AA12: 2.5387062e+10 | AB12: 2.6326307e+10 | AC12: 2.7307396e+10 | AD12: 2.6519903e+10 | AE12: 2.8709089e+10 | AF12: 2.8357067e+10 | AG12: 2.7578887e+10 | AH12: 2.7554054e+10
A13: FIN | B13: Finlandia | C13: 1.4088706e+11 | D13: 1.4647234e+11 | E13: 1.5267452e+11 | F13: 1.5826647e+11 | G13: 1.6839188e+11 | H13: 1.7757643e+11 | I13: 1.8537076e+11 | J13: 1.960365e+11 | K13: 2.0121238e+11 | L13: 2.0460749e+11 | M13: 2.0872378e+11 | N13: 2.1708396e+11 | O13: 2.2311306e+11 | P13: 2.3208125e+11 | Q13: 2.4441127e+11 | R13: 2.463285e+11 | S13: 2.2643494e+11 | T13: 2.3360905e+11 | U13: 2.3919323e+11 | V13: 2.355507e+11 | W13: 2.3324291e+11 | X13: 2.3212785e+11 | Y13: 2.3321073e+11 | Z13: 2.3920876e+11 | AA13: 2.4711071e+11 | AB13: 2.5005869e+11 | AC13: 2.5343382e+11 | AD13: 2.471207e+11 | AE13: 2.537345e+11 | AF13: 2.556706e+11 | AG13: 2.5326962e+11 | AH13: 2.5432365e+11
A14: FRA | B14: Francia | C14: 1.6700818e+12 | D14: 1.7098909e+12 | E14: 1.7493003e+12 | F14: 1.7737395e+12 | G14: 1.818563e+12 | H14: 1.8813506e+12 | I14: 1.9453035e+12 | J14: 2.0258585e+12 | K14: 2.064339e+12 | L14: 2.086381e+12 | M14: 2.1065735e+12 | N14: 2.1669953e+12 | O14: 2.2079205e+12 | P14: 2.2678449e+12 | Q14: 2.3252323e+12 | R14: 2.3340721e+12 | S14: 2.2681451e+12 | T14: 2.3135153e+12 | U14: 2.369909e+12 | V14: 2.3742658e+12 | W14: 2.3928267e+12 | X14: 2.4167032e+12 | Y14: 2.4424835e+12 | Z14: 2.4634896e+12 | AA14: 2.5148192e+12 | AB14: 2.5562108e+12 | AC14: 2.6080366e+12 | AD14: 2.4139819e+12 | AE14: 2.5801203e+12 | AF14: 2.650216e+12 | AG14: 2.6883583e+12 | AH14: 2.7203623e+12
... A25: GBR | B25: Reino Unido | C25: 1.7813356e+12 | D25: 1869572508479 | E25: 1.9356318e+12 | F25: 1.986247e+12 | G25: 2.0831755e+12 | H25: 2.150802e+12 | I25: 2.2141314e+12 | J25: 2.3143072e+12 | K25: 2.3696428e+12 | L25: 2.4101406e+12 | M25: 2.4877114e+12 | N25: 2.545576e+12 | O25: 2.6166142e+12 | P25: 2.6739134e+12 | Q25: 2.7522834e+12 | R25: 2.7509235e+12 | S25: 2.6247274e+12 | T25: 2.6840605e+12 | U25: 2.7069136e+12 | V25: 2.7482823e+12 | W25: 2.7955107e+12 | X25: 2.8838537e+12 | Y25: 2.9455799e+12 | Z25: 3.0105747e+12 | AA25: 3.1015911e+12 | AB25: 3.149707e+12 | AC25: 3.1892767e+12 | AD25: 2.8688215e+12 | AE25: 3.1139081e+12 | AF25: 3.2742652e+12 | AG25: 3.2831597e+12 | AH25: 3.320142e+12

Sheet DATOS_POB
A1: Población por país — Derivada como PIB / PIB per cápita
A3: Código | B3: País | C3: 1993 | D3: 1994 | E3: 1995 | F3: 1996 | G3: 1997 | H3: 1998 | I3: 1999 | J3: 2000 | K3: 2001 | L3: 2002 | M3: 2003 | N3: 2004 | O3: 2005 | P3: 2006 | Q3: 2007 | R3: 2008 | S3: 2009 | T3: 2010 | U3: 2011 | V3: 2012 | W3: 2013 | X3: 2014 | Y3: 2015 | Z3: 2016 | AA3: 2017 | AB3: 2018 | AC3: 2019 | AD3: 2020 | AE3: 2021 | AF3: 2022 | AG3: 2023 | AH3: 2024
A4: DEU | B4: Alemania | C4: =DATOS_PIB!C4/DATOS_PIBPC!C4 -> 81156363 | D4: =DATOS_PIB!D4/DATOS_PIBPC!D4 -> 81438348 | E4: =DATOS_PIB!E4/DATOS_PIBPC!E4 -> 81678051 | F4: =DATOS_PIB!F4/DATOS_PIBPC!F4 -> 81914831 | G4: =DATOS_PIB!G4/DATOS_PIBPC!G4 -> 82034771 | H4: =DATOS_PIB!H4/DATOS_PIBPC!H4 -> 82047195 | I4: =DATOS_PIB!I4/DATOS_PIBPC!I4 -> 82100243 | J4: =DATOS_PIB!J4/DATOS_PIBPC!J4 -> 82211508 | ... AH4: =DATOS_PIB!AH4/DATOS_PIBPC!AH4 -> 83516593
A5: AUT | B5: Austria | C5: =DATOS_PIB!C5/DATOS_PIBPC!C5 -> 7905633 | D5: =DATOS_PIB!D5/DATOS_PIBPC!D5 -> 7936118 | E5: =DATOS_PIB!E5/DATOS_PIBPC!E5 -> 7948278 | F5: =DATOS_PIB!F5/DATOS_PIBPC!F5 -> 7959017 | G5: =DATOS_PIB!G5/DATOS_PIBPC!G5 -> 7968041 | H5: =DATOS_PIB!H5/DATOS_PIBPC!H5 -> 7976789 | I5: =DATOS_PIB!I5/DATOS_PIBPC!I5 -> 7992324 | J5: =DATOS_PIB!J5/DATOS_PIBPC!J5 -> 8011566 | ... AH5: =DATOS_PIB!AH5/DATOS_PIBPC!AH5 -> 9177982
A6: BEL | B6: Bélgica | C6: =DATOS_PIB!C6/DATOS_PIBPC!C6 -> 10084475 | D6: =DATOS_PIB!D6/DATOS_PIBPC!D6 -> 10115603 | E6: =DATOS_PIB!E6/DATOS_PIBPC!E6 -> 10136811 | F6: =DATOS_PIB!F6/DATOS_PIBPC!F6 -> 10156637 | G6: =DATOS_PIB!G6/DATOS_PIBPC!G6 -> 10181245 | H6: =DATOS_PIB!H6/DATOS_PIBPC!H6 -> 10203008 | I6: =DATOS_PIB!I6/DATOS_PIBPC!I6 -> 10226419 | J6: =DATOS_PIB!J6/DATOS_PIBPC!J6 -> 10251250 | ... AH6: =DATOS_PIB!AH6/DATOS_PIBPC!AH6 -> 11858610
A7: CYP | B7: Chipre | C7: =DATOS_PIB!C7/DATOS_PIBPC!C7 -> 626087.97 | D7: =DATOS_PIB!D7/DATOS_PIBPC!D7 -> 639171.97 | E7: =DATOS_PIB!E7/DATOS_PIBPC!E7 -> 650866.03 | F7: =DATOS_PIB!F7/DATOS_PIBPC!F7 -> 661322.98 | G7: =DATOS_PIB!G7/DATOS_PIBPC!G7 -> 670763.98 | H7: =DATOS_PIB!H7/DATOS_PIBPC!H7 -> 679039.02 | I7: =DATOS_PIB!I7/DATOS_PIBPC!I7 -> 686680.01 | J7: =DATOS_PIB!J7/DATOS_PIBPC!J7 -> 694023.02 | ... AH7: =DATOS_PIB!AH7/DATOS_PIBPC!AH7 -> 973114.99
A8: HRV | B8: Croacia | C8: =DATOS_PIB!C8/DATOS_PIBPC!C8 -> 4600463 | D8: =DATOS_PIB!D8/DATOS_PIBPC!D8 -> 4652024 | E8: =DATOS_PIB!E8/DATOS_PIBPC!E8 -> 4620030 | F8: =DATOS_PIB!F8/DATOS_PIBPC!F8 -> 4557097 | G8: =DATOS_PIB!G8/DATOS_PIBPC!G8 -> 4534920 | H8: =DATOS_PIB!H8/DATOS_PIBPC!H8 -> 4532135 | I8: =DATOS_PIB!I8/DATOS_PIBPC!I8 -> 4512597 | J8: =DATOS_PIB!J8/DATOS_PIBPC!J8 -> 4468302 | ... AH8: =DATOS_PIB!AH8/DATOS_PIBPC!AH8 -> 3866200
A9: SVK | B9: Eslovaquia | C9: =DATOS_PIB!C9/DATOS_PIBPC!C9 -> 5325305 | D9: =DATOS_PIB!D9/DATOS_PIBPC!D9 -> 5346331 | E9: =DATOS_PIB!E9/DATOS_PIBPC!E9 -> 5361999 | F9: =DATOS_PIB!F9/DATOS_PIBPC!F9 -> 5373361 | G9: =DATOS_PIB!G9/DATOS_PIBPC!G9 -> 5383291 | H9: =DATOS_PIB!H9/DATOS_PIBPC!H9 -> 5390516 | I9: =DATOS_PIB!I9/DATOS_PIBPC!I9 -> 5396020 | J9: =DATOS_PIB!J9/DATOS_PIBPC!J9 -> 5388720 | ... AH9: =DATOS_PIB!AH9/DATOS_PIBPC!AH9 -> 5422069
A10: SVN | B10: Eslovenia | C10: =DATOS_PIB!C10/DATOS_PIBPC!C10 -> 1991746 | D10: =DATOS_PIB!D10/DATOS_PIBPC!D10 -> 1989443 | E10: =DATOS_PIB!E10/DATOS_PIBPC!E10 -> 1989872 | F10: =DATOS_PIB!F10/DATOS_PIBPC!F10 -> 1988628 | G10: =DATOS_PIB!G10/DATOS_PIBPC!G10 -> 1985956 | H10: =DATOS_PIB!H10/DATOS_PIBPC!H10 -> 1981629 | I10: =DATOS_PIB!I10/DATOS_PIBPC!I10 -> 1983045 | J10: =DATOS_PIB!J10/DATOS_PIBPC!J10 -> 1988925 | ... AH10: =DATOS_PIB!AH10/DATOS_PIBPC!AH10 -> 2127400
A11: ESP | B11: España | C11: =DATOS_PIB!C11/DATOS_PIBPC!C11 -> 39361262 | D11: =DATOS_PIB!D11/DATOS_PIBPC!D11 -> 39549108 | E11: =DATOS_PIB!E11/DATOS_PIBPC!E11 -> 39724050 | F11: =DATOS_PIB!F11/DATOS_PIBPC!F11 -> 39889852 | G11: =DATOS_PIB!G11/DATOS_PIBPC!G11 -> 40057389 | H11: =DATOS_PIB!H11/DATOS_PIBPC!H11 -> 40223509 | I11: =DATOS_PIB!I11/DATOS_PIBPC!I11 -> 40386875 | J11: =DATOS_PIB!J11/DATOS_PIBPC!J11 -> 40567864 | ... AH11: =DATOS_PIB!AH11/DATOS_PIBPC!AH11 -> 48848840
A12: EST | B12: Estonia | C12: =DATOS_PIB!C12/DATOS_PIBPC!C12 -> 1494128 | D12: =DATOS_PIB!D12/DATOS_PIBPC!D12 -> 1462514 | E12: =DATOS_PIB!E12/DATOS_PIBPC!E12 -> 1436634 | F12: =DATOS_PIB!F12/DATOS_PIBPC!F12 -> 1415594 | G12: =DATOS_PIB!G12/DATOS_PIBPC!G12 -> 1399535 | H12: =DATOS_PIB!H12/DATOS_PIBPC!H12 -> 1386156 | I12: =DATOS_PIB!I12/DATOS_PIBPC!I12 -> 1390244 | J12: =DATOS_PIB!J12/DATOS_PIBPC!J12 -> 1396985 | ... AH12: =DATOS_PIB!AH12/DATOS_PIBPC!AH12 -> 1372341
A13: FIN | B13: Finlandia | C13: =DATOS_PIB!C13/DATOS_PIBPC!C13 -> 5066447 | D13: =DATOS_PIB!D13/DATOS_PIBPC!D13 -> 5088333 | E13: =DATOS_PIB!E13/DATOS_PIBPC!E13 -> 5107790 | F13: =DATOS_PIB!F13/DATOS_PIBPC!F13 -> 5124573 | G13: =DATOS_PIB!G13/DATOS_PIBPC!G13 -> 5139835 | H13: =DATOS_PIB!H13/DATOS_PIBPC!H13 -> 5153498 | I13: =DATOS_PIB!I13/DATOS_PIBPC!I13 -> 5165474 | J13: =DATOS_PIB!J13/DATOS_PIBPC!J13 -> 5176209 | ... AH13: =DATOS_PIB!AH13/DATOS_PIBPC!AH13 -> 5619911
A14: FRA | B14: Francia | C14: =DATOS_PIB!C14/DATOS_PIBPC!C14 -> 59103094 | D14: =DATOS_PIB!D14/DATOS_PIBPC!D14 -> 59324863 | E14: =DATOS_PIB!E14/DATOS_PIBPC!E14 -> 59541294 | F14: =DATOS_PIB!F14/DATOS_PIBPC!F14 -> 59754504 | G14: =DATOS_PIB!G14/DATOS_PIBPC!G14 -> 59968066 | H14: =DATOS_PIB!H14/DATOS_PIBPC!H14 -> 60190684 | I14: =DATOS_PIB!I14/DATOS_PIBPC!I14 -> 60501986 | J14: =DATOS_PIB!J14/DATOS_PIBPC!J14 -> 60918661 | ... AH14: =DATOS_PIB!AH14/DATOS_PIBPC!AH14 -> 68551653
A15: GRC | B15: Grecia | C15: =DATOS_PIB!C15/DATOS_PIBPC!C15 -> 10460415 | D15: =DATOS_PIB!D15/DATOS_PIBPC!D15 -> 10512922 | E15: =DATOS_PIB!E15/DATOS_PIBPC!E15 -> 10562153 | F15: =DATOS_PIB!F15/DATOS_PIBPC!F15 -> 10608800 | G15: =DATOS_PIB!G15/DATOS_PIBPC!G15 -> 10661259 | H15: =DATOS_PIB!H15/DATOS_PIBPC!H15 -> 10720509 | I15: =DATOS_PIB!I15/DATOS_PIBPC!I15 -> 10761698 | J15: =DATOS_PIB!J15/DATOS_PIBPC!J15 -> 10805808 | ... AH15: =DATOS_PIB!AH15/DATOS_PIBPC!AH15 -> 10405134
... A25: GBR | B25: Reino Unido | C25: =DATOS_PIB!C25/DATOS_PIBPC!C25 -> 57718614 | D25: =DATOS_PIB!D25/DATOS_PIBPC!D25 -> 57865745 | E25: =DATOS_PIB!E25/DATOS_PIBPC!E25 -> 58019030 | F25: =DATOS_PIB!F25/DATOS_PIBPC!F25 -> 58166950 | G25: =DATOS_PIB!G25/DATOS_PIBPC!G25 -> 58316954 | H25: =DATOS_PIB!H25/DATOS_PIBPC!H25 -> 58487141 | I25: =DATOS_PIB!I25/DATOS_PIBPC!I25 -> 58682466 | J25: =DATOS_PIB!J25/DATOS_PIBPC!J25 -> 58892514 | ... AH25: =DATOS_PIB!AH25/DATOS_PIBPC!AH25 -> 69226000

Sheet DATOS_INF
A1: Inflación anual (IPC, % var.) por país
A3: Código | B3: País | C3: 1993 | D3: 1994 | E3: 1995 | F3: 1996 | G3: 1997 | H3: 1998 | I3: 1999 | J3: 2000 | K3: 2001 | L3: 2002 | M3: 2003 | N3: 2004 | O3: 2005 | P3: 2006 | Q3: 2007 | R3: 2008 | S3: 2009 | T3: 2010 | U3: 2011 | V3: 2012 | W3: 2013 | X3: 2014 | Y3: 2015 | Z3: 2016 | AA3: 2017 | AB3: 2018 | AC3: 2019 | AD3: 2020 | AE3: 2021 | AF3: 2022 | AG3: 2023 | AH3: 2024
A4: DEU | B4: Alemania | C4: 4.4745765 | D4: 2.6930564 | E4: 1.7061604 | F4: 1.449727 | G4: 1.939372 | H4: 0.91118354 | I4: 0.58543306 | J4: 1.4402684 | K4: 1.9838573 | L4: 1.4208062 | M4: 1.0342222 | N4: 1.665737 | O4: 1.5469111 | P4: 1.5774264 | Q4: 2.298344 | R4: 2.6283798 | S4: 0.31273901 | T4: 1.1038104 | U4: 2.0751728 | V4: 2.0084888 | W4: 1.5047233 | X4: 0.906794 | Y4: 0.51442614 | Z4: 0.49174701 | AA4: 1.5094949 | AB4: 1.7321688 | AC4: 1.4456598 | AD4: 0.14487793 | AE4: 3.0666667 | AF4: 6.8725744 | AG4: 5.9464367 | AH4: 2.2564981
A5: AUT | B5: Austria | C5: 3.6317852 | D5: 2.9534094 | E5: 2.2433663 | F5: 1.8609712 | G5: 1.3059786 | H5: 0.9224672 | I5: 0.56899377 | J5: 2.3448629 | K5: 2.6500008 | L5: 1.8103579 | M5: 1.3555537 | N5: 2.0612062 | O5: 2.2991379 | P5: 1.4415485 | Q5: 2.1685553 | R5: 3.2159503 | S5: 0.50630883 | T5: 1.8135344 | U5: 3.2865791 | V5: 2.4856756 | W5: 2.0001562 | X5: 1.6058118 | Y5: 0.89656334 | Z5: 0.89159175 | AA5: 2.0812691 | AB5: 1.9983798 | AC5: 1.5308956 | AD5: 1.3819106 | AE5: 2.7666667 | AF5: 8.5468699 | AG5: 7.8141342 | AH5: 2.9379157
A6: BEL | B6: Bélgica | C6: 2.7544264 | D6: 2.3775408 | E6: 1.467967 | F6: 2.0770211 | G6: 1.6281605 | H6: 0.94925029 | I6: 1.1208482 | J6: 2.5445178 | K6: 2.4692582 | L6: 1.6452144 | M6: 1.588964 | N6: 2.0972831 | O6: 2.7814326 | P6: 1.7912077 | Q6: 1.8230563 | R6: 4.4894442 | S6: -0.053145674 | T6: 2.1892992 | U6: 3.5320821 | V6: 2.8396634 | W6: 1.1130959 | X6: 0.34000283 | Y6: 0.56142915 | Z6: 1.9738526 | AA6: 2.1259709 | AB6: 2.053165 | AC6: 1.4368196 | AD6: 0.74079181 | AE6: 2.4402485 | AF6: 9.5975117 | AG6: 4.0490108 | AH6: 3.1434914
A7: CYP | B7: Chipre | C7: 4.8541667 | D7: 4.6985893 | E7: 2.6158179 | F7: 2.9789249 | G7: 3.6053444 | H7: 2.2277073 | I7: 1.63 | J7: 4.1416576 | K7: 1.9730419 | L7: 2.8011551 | M7: 4.1390654 | N7: 2.2862171 | O7: 2.5601613 | P7: 2.3046873 | Q7: 2.3726518 | R7: 4.6690084 | S7: 0.32627665 | T7: 2.4300408 | U7: 3.2894494 | V7: 2.3890541 | W7: -0.39935768 | X7: -1.3549889 | Y7: -2.0969977 | Z7: -1.4291667 | AA7: 0.5317665 | AB7: 1.4354912 | AC7: 0.250371 | AD7: -0.6384228 | AE7: 2.4460887 | AF7: 8.395483 | AG7: 3.5413419 | AH7: 1.8002302
A8: HRV | B8: Croacia | C8: 1500 | D8: 107.32759 | E8: 3.950104 | F8: 4.3 | G8: 4.1706616 | H8: 6.3966866 | I8: 4.0191388 | J8: 4.6113155 | K8: 3.7767025 | L8: 1.6717844 | M8: 1.7673378 | N8: 2.0553968 | O8: 3.3171782 | P8: 3.1898259 | Q8: 2.8992828 | R8: 6.0769684 | S8: 2.3785285 | T8: 1.0305551 | U8: 2.2727273 | V8: 3.4120735 | W8: 2.2165821 | X8: -0.21519616 | Y8: -0.464499 | Z8: -1.125 | AA8: 1.1293721 | AB8: 1.500125 | AC8: 0.77182035 | AD8: 0.15481137 | AE8: 2.554507 | AF8: 10.780581 | AG8: 7.9412818 | AH8: 2.9720048
A9: SVK | B9: Eslovaquia | C9: 23.287028 | D9: 13.41552 | E9: 9.8410958 | F9: 5.7758279 | G9: 6.14199 | H9: 6.6656512 | I9: 10.570442 | J9: 12.035781 | K9: 7.3296202 | L9: 3.1271422 | M9: 8.5541431 | N9: 7.5485009 | O9: 2.7090849 | P9: 4.4833312 | Q9: 2.7567237 | R9: 4.5981798 | S9: 1.6151046 | T9: 0.95701813 | U9: 3.919286 | V9: 3.6061026 | W9: 1.4004737 | X9: -0.07616533 | Y9: -0.32521978 | Z9: -0.5200102 | AA9: 1.3119459 | AB9: 2.5140371 | AC9: 2.6645613 | AD9: 1.9369413 | AE9: 3.1496063 | AF9: 12.774146 | AG9: 10.531948 | AH9: 2.7576091
A10: SVN | B10: Eslovenia | C10: 31.762131 | D10: 20.991818 | E10: 13.46373 | F10: 9.8644506 | G10: 8.3596799 | H10: 7.8911668 | I10: 6.1555875 | J10: 8.9117442 | K10: 8.3796659 | L10: 7.4807777 | M10: 5.5441642 | N10: 3.5929759 | O10: 2.4515013 | P10: 2.4579244 | Q10: 3.6574956 | R10: 5.6474238 | S10: 0.83926225 | T10: 1.8011702 | U10: 1.8028517 | V10: 2.5974139 | W10: 1.7692009 | X10: 0.19934383 | Y10: -0.52555229 | Z10: -0.054999542 | AA10: 1.4291074 | AB10: 1.7386086 | AC10: 1.6305226 | AD10: -0.054856816 | AE10: 1.9170651 | AF10: 8.8336989 | AG10: 7.4468772 | AH10: 1.9656266
A11: ESP | B11: España | C11: 4.5690717 | D11: 4.7184137 | E11: 4.6738034 | F11: 3.5588456 | G11: 1.971074 | H11: 1.83433 | I11: 2.3103481 | J11: 3.4335156 | K11: 3.5898341 | L11: 3.0656569 | M11: 3.0388884 | N11: 3.0392488 | O11: 3.3688141 | P11: 3.5155758 | Q11: 2.7867975 | R11: 4.0753434 | S11: -0.28781308 | T11: 1.7998646 | U11: 3.1961019 | V11: 2.4461278 | W11: 1.4085811 | X11: -0.15111484 | Y11: -0.50036571 | Z11: -0.202598 | AA11: 1.9560763 | AB11: 1.6749814 | AC11: 0.69951899 | AD11: -0.32275302 | AE11: 3.0931351 | AF11: 8.3905763 | AG11: 3.5323613 | AH11: 2.7741783
A12: EST | B12: Estonia | C12: 89.811949 | D12: 47.654691 | E12: 28.776614 | F12: 23.050343 | G12: 10.581879 | H12: 8.2083333 | I12: 3.2961109 | J12: 4.0184895 | K12: 5.7482798 | L12: 3.5719127 | M12: 1.3349912 | N12: 3.0481111 | O12: 4.0797142 | P12: 4.4376204 | Q12: 6.601326 | R12: 10.362358 | S12: -0.078408311 | T12: 2.9720451 | U12: 4.9819013 | V12: 3.9333999 | W12: 2.7805666 | X12: -0.10617515 | Y12: -0.49232601 | Z12: 0.14868491 | AA12: 3.4172355 | AB12: 3.4363269 | AC12: 2.2772593 | AD12: -0.4445311 | AE12: 4.6531667 | AF12: 19.398263 | AG12: 9.1592251 | AH12: 3.5194119
A13: FIN | B13: Finlandia | C13: 2.1906532 | D13: 1.0885568 | E13: 0.79123941 | F13: 0.62919424 | G13: 1.1925588 | H13: 1.3994738 | I13: 1.1622316 | J13: 3.0421008 | K13: 2.5784408 | L13: 1.5712201 | M13: 0.87744039 | N13: 0.18712056 | O13: 0.62387445 | P13: 1.5666638 | Q13: 2.5106657 | R13: 4.0659536 | S13: -9.1736038e-07 | T13: 1.1841352 | U13: 3.4168075 | V13: 2.8083362 | W13: 1.4782862 | X13: 1.0411962 | Y13: -0.20792884 | Z13: 0.3566845 | AA13: 0.75401505 | AB13: 1.083821 | AC13: 1.0240939 | AD13: 0.29055456 | AE13: 2.1945743 | AF13: 7.1235077 | AG13: 6.2506432 | AH13: 1.5656891
A14: FRA | B14: Francia | C14: 2.1044628 | D14: 1.6555153 | E14: 1.7964814 | F14: 1.9828837 | G14: 1.2039429 | H14: 0.65112687 | I14: 0.53714164 | J14: 1.6759599 | K14: 1.6347808 | L14: 1.9234123 | M14: 2.0984722 | N14: 2.1420896 | O14: 1.7458694 | P14: 1.6751245 | Q14: 1.4879981 | R14: 2.8128619 | S14: 0.087620478 | T14: 1.5311227 | U14: 2.111598 | V14: 1.9541953 | W14: 0.8637155 | X14: 0.50775882 | Y14: 0.037514381 | Z14: 0.18333486 | AA14: 1.0322828 | AB14: 1.8508151 | AC14: 1.1082549 | AD14: 0.47649885 | AE14: 1.6423314 | AF14: 5.2223675 | AG14: 4.8783573 | AH14: 1.9990494
... A25: GBR | B25: Reino Unido | C25: 2.558578 | D25: 2.2190126 | E25: 2.6974952 | F25: 2.8517824 | G25: 2.2011431 | H25: 1.8205616 | I25: 1.7529508 | J25: 1.1829562 | K25: 1.5323496 | L25: 1.5204025 | M25: 1.3765004 | N25: 1.3903976 | O25: 2.0891365 | P25: 2.4556617 | Q25: 2.3865615 | R25: 3.5214086 | S25: 1.9617317 | T25: 2.4926547 | U25: 3.8561124 | V25: 2.5732348 | W25: 2.2916667 | X25: 1.4511202 | Y25: 0.36804684 | Z25: 1.0084174 | AA25: 2.5577558 | AB25: 2.2928399 | AC25: 1.7381046 | AD25: 0.9894867 | AE25: 2.5183711 | AF25: 7.9220488 | AG25: 6.7939671 | AH25: 3.2715729

Sheet AGREGADO
A1: Series Agregadas — Eurozona (20), Estados Unidos y Reino Unido
A2: PIB per cápita agregado: Σ(PIB) / Σ(Población). Inflación agregada Eurozona: media ponderada por población.
A4: Año | B4: PIB Eurozona (USD 2015) | C4: Población Eurozona | D4: PIB pc Eurozona (USD 2015) | E4: PIB pc EEUU (USD 2015) | F4: PIB pc Reino Unido (USD 2015) | G4: Inflación Eurozona (%) | H4: Inflación EEUU (%) | I4: Inflación Reino Unido (%)
A5: 1993 | B5: =SUM(DATOS_PIB!C4:C23) -> 8.3017566e+12 | C5: =SUM(DATOS_POB!C4:C23) -> 3.1985323e+08 | D5: =B5/C5 -> 25954.894 | E5: =DATOS_PIBPC!C24 -> 39807.88 | F5: =DATOS_PIBPC!C25 -> 30862.412 | G5: =SUMPRODUCT(DATOS_INF!C4:C23,DATOS_POB!C4:C23)/SUM(DATOS_POB!C4:C23) -> 32.139995 | H5: =DATOS_INF!C24 -> 2.951657 | I5: =DATOS_INF!C25 -> 2.558578
A6: 1994 | B6: =SUM(DATOS_PIB!D4:D23) -> 8.5105683e+12 | C6: =SUM(DATOS_POB!D4:D23) -> 3.2081854e+08 | D6: =B6/C6 -> 26527.67 | E6: =DATOS_PIBPC!D24 -> 40907.018 | F6: =DATOS_PIBPC!D25 -> 32308.795 | G6: =SUMPRODUCT(DATOS_INF!D4:D23,DATOS_POB!D4:D23)/SUM(DATOS_POB!D4:D23) -> 6.3900979 | H6: =DATOS_INF!D24 -> 2.6074416 | I6: =DATOS_INF!D25 -> 2.2190126
A7: 1995 | B7: =SUM(DATOS_PIB!E4:E23) -> 8.7207273e+12 | C7: =SUM(DATOS_POB!E4:E23) -> 3.2159636e+08 | D7: =B7/C7 -> 27116.997 | E7: =DATOS_PIBPC!E24 -> 41507.914 | F7: =DATOS_PIBPC!E25 -> 33362.016 | G7: =SUMPRODUCT(DATOS_INF!E4:E23,DATOS_POB!E4:E23)/SUM(DATOS_POB!E4:E23) -> 4.0147461 | H7: =DATOS_INF!E24 -> 2.8054197 | I7: =DATOS_INF!E25 -> 2.6974952
A8: 1996 | B8: =SUM(DATOS_PIB!F4:F23) -> 8.872712e+12 | C8: =SUM(DATOS_POB!F4:F23) -> 3.2234942e+08 | D8: =B8/C8 -> 27525.138 | E8: =DATOS_PIBPC!F24 -> 42575.69 | F8: =DATOS_PIBPC!F25 -> 34147.346 | G8: =SUMPRODUCT(DATOS_INF!F4:F23,DATOS_POB!F4:F23)/SUM(DATOS_POB!F4:F23) -> 3.2303092 | H8: =DATOS_INF!F24 -> 2.9312042 | I8: =DATOS_INF!F25 -> 2.8517824
A9: 1997 | B9: =SUM(DATOS_PIB!G4:G23) -> 9.1179419e+12 | C9: =SUM(DATOS_POB!G4:G23) -> 3.2307947e+08 | D9: =B9/C9 -> 28221.979 | E9: =DATOS_PIBPC!G24 -> 43936.905 | F9: =DATOS_PIBPC!G25 -> 35721.611 | G9: =SUMPRODUCT(DATOS_INF!G4:G23,DATOS_POB!G4:G23)/SUM(DATOS_POB!G4:G23) -> 2.2307392 | H9: =DATOS_INF!G24 -> 2.3376899 | I9: =DATOS_INF!G25 -> 2.2011431
A10: 1998 | B10: =SUM(DATOS_PIB!H4:H23) -> 9.3915225e+12 | C10: =SUM(DATOS_POB!H4:H23) -> 3.2374085e+08 | D10: =B10/C10 -> 29009.384 | E10: =DATOS_PIBPC!H24 -> 45374.622 | F10: =DATOS_PIBPC!H25 -> 36773.929 | G10: =SUMPRODUCT(DATOS_INF!H4:H23,DATOS_POB!H4:H23)/SUM(DATOS_POB!H4:H23) -> 1.7426009 | H10: =DATOS_INF!H24 -> 1.5522791 | I10: =DATOS_INF!H25 -> 1.8205616
A11: 1999 | B11: =SUM(DATOS_PIB!I4:I23) -> 9.674202e+12 | C11: =SUM(DATOS_POB!I4:I23) -> 3.245374e+08 | D11: =B11/C11 -> 29809.206 | E11: =DATOS_PIBPC!I24 -> 47004.469 | F11: =DATOS_PIBPC!I25 -> 37730.716 | G11: =SUMPRODUCT(DATOS_INF!I4:I23,DATOS_POB!I4:I23)/SUM(DATOS_POB!I4:I23) -> 1.4964239 | H11: =DATOS_INF!I24 -> 2.1880272 | I11: =DATOS_INF!I25 -> 1.7529508
A12: 2000 | B12: =SUM(DATOS_PIB!J4:J23) -> 1.0051633e+13 | C12: =SUM(DATOS_POB!J4:J23) -> 3.2553599e+08 | D12: =B12/C12 -> 30877.178 | E12: =DATOS_PIBPC!J24 -> 48379.755 | F12: =DATOS_PIBPC!J25 -> 39297.137 | G12: =SUMPRODUCT(DATOS_INF!J4:J23,DATOS_POB!J4:J23)/SUM(DATOS_POB!J4:J23) -> 2.4907563 | H12: =DATOS_INF!J24 -> 3.3768573 | I12: =DATOS_INF!J25 -> 1.1829562
A13: 2001 | B13: =SUM(DATOS_PIB!K4:K23) -> 1.0271271e+13 | C13: =SUM(DATOS_POB!K4:K23) -> 3.2659861e+08 | D13: =B13/C13 -> 31449.217 | E13: =DATOS_PIBPC!K24 -> 48361.017 | F13: =DATOS_PIBPC!K25 -> 40082.136 | G13: =SUMPRODUCT(DATOS_INF!K4:K23,DATOS_POB!K4:K23)/SUM(DATOS_POB!K4:K23) -> 2.7284213 | H13: =DATOS_INF!K24 -> 2.8261711 | I13: =DATOS_INF!K25 -> 1.5323496
A14: 2002 | B14: =SUM(DATOS_PIB!L4:L23) -> 1.0368516e+13 | C14: =SUM(DATOS_POB!L4:L23) -> 3.2819787e+08 | D14: =B14/C14 -> 31592.27 | E14: =DATOS_PIBPC!L24 -> 48729.159 | F14: =DATOS_PIBPC!L25 -> 40594.933 | G14: =SUMPRODUCT(DATOS_INF!L4:L23,DATOS_POB!L4:L23)/SUM(DATOS_POB!L4:L23) -> 2.27029 | H14: =DATOS_INF!L24 -> 1.5860316 | I14: =DATOS_INF!L25 -> 1.5204025
A15: 2003 | B15: =SUM(DATOS_PIB!M4:M23) -> 1.044661e+13 | C15: =SUM(DATOS_POB!M4:M23) -> 3.3000506e+08 | D15: =B15/C15 -> 31655.91 | E15: =DATOS_PIBPC!M24 -> 49662.752 | F15: =DATOS_PIBPC!M25 -> 41706.83 | G15: =SUMPRODUCT(DATOS_INF!M4:M23,DATOS_POB!M4:M23)/SUM(DATOS_POB!M4:M23) -> 2.192563 | H15: =DATOS_INF!M24 -> 2.270095 | I15: =DATOS_INF!M25 -> 1.3765004
A16: 2004 | B16: =SUM(DATOS_PIB!N4:N23) -> 1.0688123e+13 | C16: =SUM(DATOS_POB!N4:N23) -> 3.3185022e+08 | D16: =B16/C16 -> 32207.672 | E16: =DATOS_PIBPC!N24 -> 51098.557 | F16: =DATOS_PIBPC!N25 -> 42434.821 | G16: =SUMPRODUCT(DATOS_INF!N4:N23,DATOS_POB!N4:N23)/SUM(DATOS_POB!N4:N23) -> 2.2238677 | H16: =DATOS_INF!N24 -> 2.6772367 | I16: =DATOS_INF!N25 -> 1.3903976
A17: 2005 | B17: =SUM(DATOS_PIB!O4:O23) -> 1.0877481e+13 | C17: =SUM(DATOS_POB!O4:O23) -> 3.3360014e+08 | D17: =B17/C17 -> 32606.344 | E17: =DATOS_PIBPC!O24 -> 52393.451 | F17: =DATOS_PIBPC!O25 -> 43320.563 | G17: =SUMPRODUCT(DATOS_INF!O4:O23,DATOS_POB!O4:O23)/SUM(DATOS_POB!O4:O23) -> 2.1579035 | H17: =DATOS_INF!O24 -> 3.3927468 | I17: =DATOS_INF!O25 -> 2.0891365
A18: 2006 | B18: =SUM(DATOS_PIB!P4:P23) -> 1.1239111e+13 | C18: =SUM(DATOS_POB!P4:P23) -> 3.3519625e+08 | D18: =B18/C18 -> 33529.941 | E18: =DATOS_PIBPC!P24 -> 53335.59 | F18: =DATOS_PIBPC!P25 -> 43944.999 | G18: =SUMPRODUCT(DATOS_INF!P4:P23,DATOS_POB!P4:P23)/SUM(DATOS_POB!P4:P23) -> 2.196045 | H18: =DATOS_INF!P24 -> 3.2259441 | I18: =DATOS_INF!P25 -> 2.4556617
A19: 2007 | B19: =SUM(DATOS_PIB!Q4:Q23) -> 1.1577539e+13 | C19: =SUM(DATOS_POB!Q4:Q23) -> 3.369774e+08 | D19: =B19/C19 -> 34357.02 | E19: =DATOS_PIBPC!Q24 -> 53889.396 | F19: =DATOS_PIBPC!Q25 -> 44882.141 | G19: =SUMPRODUCT(DATOS_INF!Q4:Q23,DATOS_POB!Q4:Q23)/SUM(DATOS_POB!Q4:Q23) -> 2.2613831 | H19: =DATOS_INF!Q24 -> 2.8526725 | I19: =DATOS_INF!Q25 -> 2.3865615
A20: 2008 | B20: =SUM(DATOS_PIB!R4:R23) -> 1.1625069e+13 | C20: =SUM(DATOS_POB!R4:R23) -> 3.3867408e+08 | D20: =B20/C20 -> 34325.238 | E20: =DATOS_PIBPC!R24 -> 53442.714 | F20: =DATOS_PIBPC!R25 -> 44508.287 | G20: =SUMPRODUCT(DATOS_INF!R4:R23,DATOS_POB!R4:R23)/SUM(DATOS_POB!R4:R23) -> 3.433825 | H20: =DATOS_INF!R24 -> 3.8391003 | I20: =DATOS_INF!R25 -> 3.5214086
A21: 2009 | B21: =SUM(DATOS_PIB!S4:S23) -> 1.1103944e+13 | C21: =SUM(DATOS_POB!S4:S23) -> 3.3983551e+08 | D21: =B21/C21 -> 32674.466 | E21: =DATOS_PIBPC!S24 -> 51611.322 | F21: =DATOS_PIBPC!S25 -> 42146.51 | G21: =SUMPRODUCT(DATOS_INF!S4:S23,DATOS_POB!S4:S23)/SUM(DATOS_POB!S4:S23) -> 0.33941486 | H21: =DATOS_INF!S24 -> -0.35554627 | I21: =DATOS_INF!S25 -> 1.9617317
A22: 2010 | B22: =SUM(DATOS_PIB!T4:T23) -> 1.1339151e+13 | C22: =SUM(DATOS_POB!T4:T23) -> 3.4070443e+08 | D22: =B22/C22 -> 33281.49 | E22: =DATOS_PIBPC!T24 -> 52555.77 | F22: =DATOS_PIBPC!T25 -> 42762.721 | G22: =SUMPRODUCT(DATOS_INF!T4:T23,DATOS_POB!T4:T23)/SUM(DATOS_POB!T4:T23) -> 1.5185469 | H22: =DATOS_INF!T24 -> 1.6400434 | I22: =DATOS_INF!T25 -> 2.4926547
A23: 2011 | B23: =SUM(DATOS_PIB!U4:U23) -> 1.154071e+13 | C23: =SUM(DATOS_POB!U4:U23) -> 3.4007176e+08 | D23: =B23/C23 -> 33936.101 | E23: =DATOS_PIBPC!U24 -> 52956.663 | F23: =DATOS_PIBPC!U25 -> 42791.093 | G23: =SUMPRODUCT(DATOS_INF!U4:U23,DATOS_POB!U4:U23)/SUM(DATOS_POB!U4:U23) -> 2.6484194 | H23: =DATOS_INF!U24 -> 3.1568416 | I23: =DATOS_INF!U25 -> 3.8561124
A24: 2012 | B24: =SUM(DATOS_PIB!V4:V23) -> 1.1434436e+13 | C24: =SUM(DATOS_POB!V4:V23) -> 3.4079921e+08 | D24: =B24/C24 -> 33551.827 | E24: =DATOS_PIBPC!V24 -> 53738.148 | F24: =DATOS_PIBPC!V25 -> 43136.701 | G24: =SUMPRODUCT(DATOS_INF!V4:V23,DATOS_POB!V4:V23)/SUM(DATOS_POB!V4:V23) -> 2.3843612 | H24: =DATOS_INF!V24 -> 2.0693373 | I24: =DATOS_INF!V25 -> 2.5732348
A25: 2013 | B25: =SUM(DATOS_PIB!W4:W23) -> 1.1415372e+13 | C25: =SUM(DATOS_POB!W4:W23) -> 3.4131859e+08 | D25: =B25/C25 -> 33444.918 | E25: =DATOS_PIBPC!W24 -> 54462.625 | F25: =DATOS_PIBPC!W25 -> 43585.194 | G25: =SUMPRODUCT(DATOS_INF!W4:W23,DATOS_POB!W4:W23)/SUM(DATOS_POB!W4:W23) -> 1.2325568 | H25: =DATOS_INF!W24 -> 1.4648327 | I25: =DATOS_INF!W25 -> 2.2916667
A26: 2014 | B26: =SUM(DATOS_PIB!X4:X23) -> 1.1581566e+13 | C26: =SUM(DATOS_POB!X4:X23) -> 3.418872e+08 | D26: =B26/C26 -> 33875.4 | E26: =DATOS_PIBPC!X24 -> 55394.451 | F26: =DATOS_PIBPC!X25 -> 44627.882 | G26: =SUMPRODUCT(DATOS_INF!X4:X23,DATOS_POB!X4:X23)/SUM(DATOS_POB!X4:X23) -> 0.4031264 | H26: =DATOS_INF!X24 -> 1.622223 | I26: =DATOS_INF!X25 -> 1.4511202
A27: 2015 | B27: =SUM(DATOS_PIB!Y4:Y23) -> 1.1829834e+13 | C27: =SUM(DATOS_POB!Y4:Y23) -> 3.4282328e+08 | D27: =B27/C27 -> 34507.091 | E27: =DATOS_PIBPC!Y24 -> 56572.919 | F27: =DATOS_PIBPC!Y25 -> 45255.345 | G27: =SUMPRODUCT(DATOS_INF!Y4:Y23,DATOS_POB!Y4:Y23)/SUM(DATOS_POB!Y4:Y23) -> 0.066346598 | H27: =DATOS_INF!Y24 -> 0.11862714 | I27: =DATOS_INF!Y25 -> 0.36804684
A28: 2016 | B28: =SUM(DATOS_PIB!Z4:Z23) -> 1.2042958e+13 | C28: =SUM(DATOS_POB!Z4:Z23) -> 3.4376269e+08 | D28: =B28/C28 -> 35032.768 | E28: =DATOS_PIBPC!Z24 -> 57151.471 | F28: =DATOS_PIBPC!Z25 -> 45888.011 | G28: =SUMPRODUCT(DATOS_INF!Z4:Z23,DATOS_POB!Z4:Z23)/SUM(DATOS_POB!Z4:Z23) -> 0.19601948 | H28: =DATOS_INF!Z24 -> 1.2615832 | I28: =DATOS_INF!Z25 -> 1.0084174
A29: 2017 | B29: =SUM(DATOS_PIB!AA4:AA23) -> 1.23588e+13 | C29: =SUM(DATOS_POB!AA4:AA23) -> 3.4443014e+08 | D29: =B29/C29 -> 35881.877 | E29: =DATOS_PIBPC!AA24 -> 58151.702 | F29: =DATOS_PIBPC!AA25 -> 47018.025 | G29: =SUMPRODUCT(DATOS_INF!AA4:AA23,DATOS_POB!AA4:AA23)/SUM(DATOS_POB!AA4:AA23) -> 1.4351854 | H29: =DATOS_INF!AA24 -> 2.13011 | I29: =DATOS_INF!AA25 -> 2.5577558
A30: 2018 | B30: =SUM(DATOS_PIB!AB4:AB23) -> 1.2578776e+13 | C30: =SUM(DATOS_POB!AB4:AB23) -> 3.4547829e+08 | D30: =B30/C30 -> 36409.743 | E30: =DATOS_PIBPC!AB24 -> 59526.666 | F30: =DATOS_PIBPC!AB25 -> 47514.776 | G30: =SUMPRODUCT(DATOS_INF!AB4:AB23,DATOS_POB!AB4:AB23)/SUM(DATOS_POB!AB4:AB23) -> 1.602006 | H30: =DATOS_INF!AB24 -> 2.4425833 | I30: =DATOS_INF!AB25 -> 2.2928399
A31: 2019 | B31: =SUM(DATOS_PIB!AC4:AC23) -> 1.2782883e+13 | C31: =SUM(DATOS_POB!AC4:AC23) -> 3.4610624e+08 | D31: =B31/C31 -> 36933.408 | E31: =DATOS_PIBPC!AC24 -> 60750.99 | F31: =DATOS_PIBPC!AC25 -> 47864.759 | G31: =SUMPRODUCT(DATOS_INF!AC4:AC23,DATOS_POB!AC4:AC23)/SUM(DATOS_POB!AC4:AC23) -> 1.1402566 | H31: =DATOS_INF!AC24 -> 1.8122101 | I31: =DATOS_INF!AC25 -> 1.7381046
A32: 2020 | B32: =SUM(DATOS_PIB!AD4:AD23) -> 1.2008657e+13 | C32: =SUM(DATOS_POB!AD4:AD23) -> 3.4659235e+08 | D32: =B32/C32 -> 34647.783 | E32: =DATOS_PIBPC!AD24 -> 59194.667 | F32: =DATOS_PIBPC!AD25 -> 42982.463 | G32: =SUMPRODUCT(DATOS_INF!AD4:AD23,DATOS_POB!AD4:AD23)/SUM(DATOS_POB!AD4:AD23) -> 0.18714692 | H32: =DATOS_INF!AD24 -> 1.2335844 | I32: =DATOS_INF!AD25 -> 0.9894867
A33: 2021 | B33: =SUM(DATOS_PIB!AE4:AE23) -> 1.278167e+13 | C33: =SUM(DATOS_POB!AE4:AE23) -> 3.46812e+08 | D33: =B33/C33 -> 36854.752 | E33: =DATOS_PIBPC!AE24 -> 62680.25 | F33: =DATOS_PIBPC!AE25 -> 46487.342 | G33: =SUMPRODUCT(DATOS_INF!AE4:AE23,DATOS_POB!AE4:AE23)/SUM(DATOS_POB!AE4:AE23) -> 2.4091378 | H33: =DATOS_INF!AE24 -> 4.6978589 | I33: =DATOS_INF!AE25 -> 2.5183711
A34: 2022 | B34: =SUM(DATOS_PIB!AF4:AF23) -> 1.324938e+13 | C34: =SUM(DATOS_POB!AF4:AF23) -> 3.4780821e+08 | D34: =B34/C34 -> 38093.924 | E34: =DATOS_PIBPC!AF24 -> 63886.132 | F34: =DATOS_PIBPC!AF25 -> 48433.01 | G34: =SUMPRODUCT(DATOS_INF!AF4:AF23,DATOS_POB!AF4:AF23)/SUM(DATOS_POB!AF4:AF23) -> 7.7665475 | H34: =DATOS_INF!AF24 -> 8.0027998 | I34: =DATOS_INF!AF25 -> 7.9220488
A35: 2023 | B35: =SUM(DATOS_PIB!AG4:AG23) -> 1.3312103e+13 | C35: =SUM(DATOS_POB!AG4:AG23) -> 3.4937547e+08 | D35: =B35/C35 -> 38102.569 | E35: =DATOS_PIBPC!AG24 -> 65186.598 | F35: =DATOS_PIBPC!AG25 -> 47934.938 | G35: =SUMPRODUCT(DATOS_INF!AG4:AG23,DATOS_POB!AG4:AG23)/SUM(DATOS_POB!AG4:AG23) -> 5.257359 | H35: =DATOS_INF!AG24 -> 4.1163384 | I35: =DATOS_INF!AG25 -> 6.7939671
A36: 2024 | B36: =SUM(DATOS_PIB!AH4:AH23) -> 1.3433497e+13 | C36: =SUM(DATOS_POB!AH4:AH23) -> 3.5077677e+08 | D36: =B36/C36 -> 38296.428 | E36: =DATOS_PIBPC!AH24 -> 66356.171 | F36: =DATOS_PIBPC!AH25 -> 47960.911 | G36: =SUMPRODUCT(DATOS_INF!AH4:AH23,DATOS_POB!AH4:AH23)/SUM(DATOS_POB!AH4:AH23) -> 2.1721039 | H36: =DATOS_INF!AH24 -> 2.9495252 | I36: =DATOS_INF!AH25 -> 3.2715729

Sheet CRECIMIENTO
A1: Crecimiento interanual del PIB per cápita e inflación comparada
A2: Tasa de variación interanual: g_t = (X_t / X_{t-1}) − 1. Inflación replicada para comparación visual.
A4: Año | B4: Δ PIB pc Eurozona (%) | C4: Δ PIB pc EEUU (%) | D4: Δ PIB pc Reino Unido (%) | E4: Inflación Eurozona (%) | F4: Inflación EEUU (%) | G4: Inflación Reino Unido (%) | H4: Tipo real implícito Eurozona (pp) | I4: Tipo real implícito EEUU (pp) | J4: Tipo real implícito Reino Unido (pp)
A5: 1993 | E5: =AGREGADO!G5/100 -> 0.32139995 | F5: =AGREGADO!H5/100 -> 0.02951657 | G5: =AGREGADO!I5/100 -> 0.02558578
A6: 1994 | B6: =AGREGADO!D6/AGREGADO!D5-1 -> 0.02206815 | C6: =AGREGADO!E6/AGREGADO!E5-1 -> 0.02761109 | D6: =AGREGADO!F6/AGREGADO!F5-1 -> 0.046865536 | E6: =AGREGADO!G6/100 -> 0.063900979 | F6: =AGREGADO!H6/100 -> 0.026074416 | G6: =AGREGADO!I6/100 -> 0.022190126 | H6: =B6-E6 -> -0.041832829 | I6: =C6-F6 -> 0.0015366738 | J6: =D6-G6 -> 0.02467541
A7: 1995 | B7: =AGREGADO!D7/AGREGADO!D6-1 -> 0.022215533 | C7: =AGREGADO!E7/AGREGADO!E6-1 -> 0.014689292 | D7: =AGREGADO!F7/AGREGADO!F6-1 -> 0.03259858 | E7: =AGREGADO!G7/100 -> 0.040147461 | F7: =AGREGADO!H7/100 -> 0.028054197 | G7: =AGREGADO!I7/100 -> 0.026974952 | H7: =B7-E7 -> -0.017931928 | I7: =C7-F7 -> -0.013364905 | J7: =D7-G7 -> 0.0056236284
A8: 1996 | B8: =AGREGADO!D8/AGREGADO!D7-1 -> 0.015051113 | C8: =AGREGADO!E8/AGREGADO!E7-1 -> 0.02572464 | D8: =AGREGADO!F8/AGREGADO!F7-1 -> 0.023539638 | E8: =AGREGADO!G8/100 -> 0.032303092 | F8: =AGREGADO!H8/100 -> 0.029312042 | G8: =AGREGADO!I8/100 -> 0.028517824 | H8: =B8-E8 -> -0.01725198 | I8: =C8-F8 -> -0.003587402 | J8: =D8-G8 -> -0.0049781858
A9: 1997 | B9: =AGREGADO!D9/AGREGADO!D8-1 -> 0.025316533 | C9: =AGREGADO!E9/AGREGADO!E8-1 -> 0.031971656 | D9: =AGREGADO!F9/AGREGADO!F8-1 -> 0.04610211 | E9: =AGREGADO!G9/100 -> 0.022307392 | F9: =AGREGADO!H9/100 -> 0.023376899 | G9: =AGREGADO!I9/100 -> 0.022011431 | H9: =B9-E9 -> 0.0030091405 | I9: =C9-F9 -> 0.0085947567 | J9: =D9-G9 -> 0.024090678
A10: 1998 | B10: =AGREGADO!D10/AGREGADO!D9-1 -> 0.027900421 | C10: =AGREGADO!E10/AGREGADO!E9-1 -> 0.032722298 | D10: =AGREGADO!F10/AGREGADO!F9-1 -> 0.029458867 | E10: =AGREGADO!G10/100 -> 0.017426009 | F10: =AGREGADO!H10/100 -> 0.015522791 | G10: =AGREGADO!I10/100 -> 0.018205616 | H10: =B10-E10 -> 0.010474412 | I10: =C10-F10 -> 0.017199507 | J10: =D10-G10 -> 0.011253251
A11: 1999 | B11: =AGREGADO!D11/AGREGADO!D10-1 -> 0.027571144 | C11: =AGREGADO!E11/AGREGADO!E10-1 -> 0.035919804 | D11: =AGREGADO!F11/AGREGADO!F10-1 -> 0.026018073 | E11: =AGREGADO!G11/100 -> 0.014964239 | F11: =AGREGADO!H11/100 -> 0.021880272 | G11: =AGREGADO!I11/100 -> 0.017529508 | H11: =B11-E11 -> 0.012606905 | I11: =C11-F11 -> 0.014039532 | J11: =D11-G11 -> 0.0084885654
A12: 2000 | B12: =AGREGADO!D12/AGREGADO!D11-1 -> 0.035826933 | C12: =AGREGADO!E12/AGREGADO!E11-1 -> 0.029258625 | D12: =AGREGADO!F12/AGREGADO!F11-1 -> 0.041515806 | E12: =AGREGADO!G12/100 -> 0.024907563 | F12: =AGREGADO!H12/100 -> 0.033768573 | G12: =AGREGADO!I12/100 -> 0.011829562 | H12: =B12-E12 -> 0.010919371 | I12: =C12-F12 -> -0.0045099473 | J12: =D12-G12 -> 0.029686244
A13: 2001 | B13: =AGREGADO!D13/AGREGADO!D12-1 -> 0.018526279 | C13: =AGREGADO!E13/AGREGADO!E12-1 -> -0.00038731924 | D13: =AGREGADO!F13/AGREGADO!F12-1 -> 0.019975992 | E13: =AGREGADO!G13/100 -> 0.027284213 | F13: =AGREGADO!H13/100 -> 0.028261711 | G13: =AGREGADO!I13/100 -> 0.015323496 | H13: =B13-E13 -> -0.0087579332 | I13: =C13-F13 -> -0.02864903 | J13: =D13-G13 -> 0.0046524964
A14: 2002 | B14: =AGREGADO!D14/AGREGADO!D13-1 -> 0.0045486933 | C14: =AGREGADO!E14/AGREGADO!E13-1 -> 0.0076123686 | D14: =AGREGADO!F14/AGREGADO!F13-1 -> 0.012793654 | E14: =AGREGADO!G14/100 -> 0.0227029 | F14: =AGREGADO!H14/100 -> 0.015860316 | G14: =AGREGADO!I14/100 -> 0.015204025 | H14: =B14-E14 -> -0.018154207 | I14: =C14-F14 -> -0.0082479477 | J14: =D14-G14 -> -0.0024103702
A15: 2003 | B15: =AGREGADO!D15/AGREGADO!D14-1 -> 0.0020144183 | C15: =AGREGADO!E15/AGREGADO!E14-1 -> 0.019158825 | D15: =AGREGADO!F15/AGREGADO!F14-1 -> 0.027390055 | E15: =AGREGADO!G15/100 -> 0.02192563 | F15: =AGREGADO!H15/100 -> 0.02270095 | G15: =AGREGADO!I15/100 -> 0.013765004 | H15: =B15-E15 -> -0.019911212 | I15: =C15-F15 -> -0.003542125 | J15: =D15-G15 -> 0.013625052
A16: 2004 | B16: =AGREGADO!D16/AGREGADO!D15-1 -> 0.017429966 | C16: =AGREGADO!E16/AGREGADO!E15-1 -> 0.028911109 | D16: =AGREGADO!F16/AGREGADO!F15-1 -> 0.017454947 | E16: =AGREGADO!G16/100 -> 0.022238677 | F16: =AGREGADO!H16/100 -> 0.026772367 | G16: =AGREGADO!I16/100 -> 0.013903976 | H16: =B16-E16 -> -0.0048087111 | I16: =C16-F16 -> 0.0021387422 | J16: =D16-G16 -> 0.0035509712
A17: 2005 | B17: =AGREGADO!D17/AGREGADO!D16-1 -> 0.01237818 | C17: =AGREGADO!E17/AGREGADO!E16-1 -> 0.025341107 | D17: =AGREGADO!F17/AGREGADO!F16-1 -> 0.020872999 | E17: =AGREGADO!G17/100 -> 0.021579035 | F17: =AGREGADO!H17/100 -> 0.033927468 | G17: =AGREGADO!I17/100 -> 0.020891365 | H17: =B17-E17 -> -0.0092008555 | I17: =C17-F17 -> -0.0085863614 | J17: =D17-G17 -> -1.8366095e-05
... A36: 2024 | B36: =AGREGADO!D36/AGREGADO!D35-1 -> 0.0050878296 | C36: =AGREGADO!E36/AGREGADO!E35-1 -> 0.017941924 | D36: =AGREGADO!F36/AGREGADO!F35-1 -> 0.00054183999 | E36: =AGREGADO!G36/100 -> 0.021721039 | F36: =AGREGADO!H36/100 -> 0.029495252 | G36: =AGREGADO!I36/100 -> 0.032715729 | H36: =B36-E36 -> -0.016633209 | I36: =C36-F36 -> -0.011553329 | J36: =D36-G36 -> -0.032173889

Sheet ESTADISTICOS
A1: Análisis Estadístico Descriptivo
A3: Tabla 1. Estadísticos del PIB per cápita en niveles (USD constantes 2015), 1993–2024
A4: Estadístico | B4: Eurozona | C4: Estados Unidos | D4: Reino Unido | E4: Unidad
A5: Media | B5: =AVERAGE(AGREGADO!D5:D36) -> 32884.081 | C5: =AVERAGE(AGREGADO!E5:E36) -> 52830.732 | D5: =AVERAGE(AGREGADO!F5:F36) -> 42127.136 | E5: USD
A6: Mediana | B6: =MEDIAN(AGREGADO!D5:D36) -> 33487.429 | C6: =MEDIAN(AGREGADO!E5:E36) -> 53146.126 | D6: =MEDIAN(AGREGADO!F5:F36) -> 43059.582 | E6: USD
A7: Máximo | B7: =MAX(AGREGADO!D5:D36) -> 38296.428 | C7: =MAX(AGREGADO!E5:E36) -> 66356.171 | D7: =MAX(AGREGADO!F5:F36) -> 48433.01 | E7: USD
A8: Mínimo | B8: =MIN(AGREGADO!D5:D36) -> 25954.894 | C8: =MIN(AGREGADO!E5:E36) -> 39807.88 | D8: =MIN(AGREGADO!F5:F36) -> 30862.412 | E8: USD
A9: Desv. típica (muestral) | B9: =STDEV(AGREGADO!D5:D36) -> 3415.9152 | C9: =STDEV(AGREGADO!E5:E36) -> 7095.8863 | D9: =STDEV(AGREGADO!F5:F36) -> 4862.3811 | E9: USD
A10: Coef. de variación | B10: =B9/B5 -> 0.10387747 | C10: =C9/C5 -> 0.13431361 | D10: =D9/D5 -> 0.11542159 | E10: σ/μ
A11: CAGR 1993–2024 | B11: =(AGREGADO!D36/AGREGADO!D5)^(1/31)-1 -> 0.012627333 | C11: =(AGREGADO!E36/AGREGADO!E5)^(1/31)-1 -> 0.016619558 | D11: =(AGREGADO!F36/AGREGADO!F5)^(1/31)-1 -> 0.014322479 | E11: anualizada
A12: Crecimiento total acumulado | B12: =AGREGADO!D36/AGREGADO!D5-1 -> 0.47549932 | C12: =AGREGADO!E36/AGREGADO!E5-1 -> 0.66691046 | D12: =AGREGADO!F36/AGREGADO!F5-1 -> 0.55402341 | E12: 1993→2024
A15: Tabla 2. Estadísticos de las tasas de crecimiento interanual del PIB per cápita, 1994–2024
A16: Estadístico | B16: Eurozona | C16: Estados Unidos | D16: Reino Unido | E16: Unidad
A17: Media | B17: =AVERAGE(CRECIMIENTO!B6:B36) -> 0.012883678 | C17: =AVERAGE(CRECIMIENTO!C6:C36) -> 0.016762361 | D17: =AVERAGE(CRECIMIENTO!D6:D36) -> 0.014801982 | E17: anual
A18: Mediana | B18: =MEDIAN(CRECIMIENTO!B6:B36) -> 0.017429966 | C18: =MEDIAN(CRECIMIENTO!C6:C36) -> 0.018299237 | D18: =MEDIAN(CRECIMIENTO!D6:D36) -> 0.017454947 | E18: anual
A19: Máximo | B19: =MAX(CRECIMIENTO!B6:B36) -> 0.063697254 | C19: =MAX(CRECIMIENTO!C6:C36) -> 0.05888341 | D19: =MAX(CRECIMIENTO!D6:D36) -> 0.081542078 | E19: anual
A20: Mínimo | B20: =MIN(CRECIMIENTO!B6:B36) -> -0.061885024 | C20: =MIN(CRECIMIENTO!C6:C36) -> -0.034268319 | D20: =MIN(CRECIMIENTO!D6:D36) -> -0.10200189 | E20: anual
A21: Desv. típica (muestral) | B21: =STDEV(CRECIMIENTO!B6:B36) -> 0.022908615 | C21: =STDEV(CRECIMIENTO!C6:C36) -> 0.01723083 | D21: =STDEV(CRECIMIENTO!D6:D36) -> 0.031119311 | E21: anual
A22: Coef. de variación (|σ/μ|) | B22: =ABS(B21/B17) -> 1.7781115 | C22: =ABS(C21/C17) -> 1.0279476 | D22: =ABS(D21/D17) -> 2.1023746 | E22: σ/μ
A25: Tabla 3. Estadísticos de la inflación anual (IPC), 1993–2024
A26: Estadístico | B26: Eurozona* | C26: Estados Unidos | D26: Reino Unido | E26: Unidad
A27: Media | B27: =AVERAGE(AGREGADO!G5:G36) -> 3.2487032 | C27: =AVERAGE(AGREGADO!H5:H36) -> 2.5557352 | D27: =AVERAGE(AGREGADO!I5:I36) -> 2.4263759 | E27: %
A28: Mediana | B28: =MEDIAN(AGREGADO!G5:G36) -> 2.2099564 | C28: =MEDIAN(AGREGADO!H5:H36) -> 2.5250124 | D28: =MEDIAN(AGREGADO!I5:I36) -> 2.2553396 | E28: %
A29: Máximo | B29: =MAX(AGREGADO!G5:G36) -> 32.139995 | C29: =MAX(AGREGADO!H5:H36) -> 8.0027998 | D29: =MAX(AGREGADO!I5:I36) -> 7.9220488 | E29: %
A30: Mínimo | B30: =MIN(AGREGADO!G5:G36) -> 0.066346598 | C30: =MIN(AGREGADO!H5:H36) -> -0.35554627 | D30: =MIN(AGREGADO!I5:I36) -> 0.36804684 | E30: %
A31: Desv. típica (muestral) | B31: =STDEV(AGREGADO!G5:G36) -> 5.5332266 | C31: =STDEV(AGREGADO!H5:H36) -> 1.4497372 | D31: =STDEV(AGREGADO!I5:I36) -> 1.5018297 | E31: %
A32: Coef. de variación | B32: =B31/B27 -> 1.7032109 | C32: =C31/C27 -> 0.56724861 | D32: =D31/D27 -> 0.61896004 | E32: σ/μ
A34: * La inflación agregada de la Eurozona se ve afectada en los primeros años de la muestra por episodios de hiperinflación en países post-soviéticos (Letonia, Lituania, Eslovaquia, Eslovenia, Estonia, Croacia), que se incorporaron al euro posteriormente. La media de los datos a partir de 1999 (creación del euro) ofrece una aproximación más representativa del régimen inflacionario de la moneda única.
A35: Media inflación Eurozona 1999–2024 | B35: =AVERAGE(AGREGADO!G11:G36) -> 2.0850005 | E35: %

Sheet GRAFICOS
A1: Representación Gráfica
L3: Año | M3: Δ PIB pc EEUU | N3: Inflación EEUU | P3: Año | Q3: Δ PIB pc Eurozona | R3: Inflación Eurozona | T3: Año | U3: Δ PIB pc UK | V3: Inflación UK
L4: 1993 | M4: =CRECIMIENTO!C5 -> 0 | N4: =CRECIMIENTO!F5 -> 0.02951657 | P4: 1993 | Q4: =CRECIMIENTO!B5 -> 0 | R4: =CRECIMIENTO!E5 -> 0.32139995 | T4: 1993 | U4: =CRECIMIENTO!D5 -> 0 | V4: =CRECIMIENTO!G5 -> 0.02558578
L5: 1994 | M5: =CRECIMIENTO!C6 -> 0.02761109 | N5: =CRECIMIENTO!F6 -> 0.026074416 | P5: 1994 | Q5: =CRECIMIENTO!B6 -> 0.02206815 | R5: =CRECIMIENTO!E6 -> 0.063900979 | T5: 1994 | U5: =CRECIMIENTO!D6 -> 0.046865536 | V5: =CRECIMIENTO!G6 -> 0.022190126
L6: 1995 | M6: =CRECIMIENTO!C7 -> 0.014689292 | N6: =CRECIMIENTO!F7 -> 0.028054197 | P6: 1995 | Q6: =CRECIMIENTO!B7 -> 0.022215533 | R6: =CRECIMIENTO!E7 -> 0.040147461 | T6: 1995 | U6: =CRECIMIENTO!D7 -> 0.03259858 | V6: =CRECIMIENTO!G7 -> 0.026974952
L7: 1996 | M7: =CRECIMIENTO!C8 -> 0.02572464 | N7: =CRECIMIENTO!F8 -> 0.029312042 | P7: 1996 | Q7: =CRECIMIENTO!B8 -> 0.015051113 | R7: =CRECIMIENTO!E8 -> 0.032303092 | T7: 1996 | U7: =CRECIMIENTO!D8 -> 0.023539638 | V7: =CRECIMIENTO!G8 -> 0.028517824
L8: 1997 | M8: =CRECIMIENTO!C9 -> 0.031971656 | N8: =CRECIMIENTO!F9 -> 0.023376899 | P8: 1997 | Q8: =CRECIMIENTO!B9 -> 0.025316533 | R8: =CRECIMIENTO!E9 -> 0.022307392 | T8: 1997 | U8: =CRECIMIENTO!D9 -> 0.04610211 | V8: =CRECIMIENTO!G9 -> 0.022011431
L9: 1998 | M9: =CRECIMIENTO!C10 -> 0.032722298 | N9: =CRECIMIENTO!F10 -> 0.015522791 | P9: 1998 | Q9: =CRECIMIENTO!B10 -> 0.027900421 | R9: =CRECIMIENTO!E10 -> 0.017426009 | T9: 1998 | U9: =CRECIMIENTO!D10 -> 0.029458867 | V9: =CRECIMIENTO!G10 -> 0.018205616
L10: 1999 | M10: =CRECIMIENTO!C11 -> 0.035919804 | N10: =CRECIMIENTO!F11 -> 0.021880272 | P10: 1999 | Q10: =CRECIMIENTO!B11 -> 0.027571144 | R10: =CRECIMIENTO!E11 -> 0.014964239 | T10: 1999 | U10: =CRECIMIENTO!D11 -> 0.026018073 | V10: =CRECIMIENTO!G11 -> 0.017529508
L11: 2000 | M11: =CRECIMIENTO!C12 -> 0.029258625 | N11: =CRECIMIENTO!F12 -> 0.033768573 | P11: 2000 | Q11: =CRECIMIENTO!B12 -> 0.035826933 | R11: =CRECIMIENTO!E12 -> 0.024907563 | T11: 2000 | U11: =CRECIMIENTO!D12 -> 0.041515806 | V11: =CRECIMIENTO!G12 -> 0.011829562
L12: 2001 | M12: =CRECIMIENTO!C13 -> -0.00038731924 | N12: =CRECIMIENTO!F13 -> 0.028261711 | P12: 2001 | Q12: =CRECIMIENTO!B13 -> 0.018526279 | R12: =CRECIMIENTO!E13 -> 0.027284213 | T12: 2001 | U12: =CRECIMIENTO!D13 -> 0.019975992 | V12: =CRECIMIENTO!G13 -> 0.015323496
L13: 2002 | M13: =CRECIMIENTO!C14 -> 0.0076123686 | N13: =CRECIMIENTO!F14 -> 0.015860316 | P13: 2002 | Q13: =CRECIMIENTO!B14 -> 0.0045486933 | R13: =CRECIMIENTO!E14 -> 0.0227029 | T13: 2002 | U13: =CRECIMIENTO!D14 -> 0.012793654 | V13: =CRECIMIENTO!G14 -> 0.015204025
L14: 2003 | M14: =CRECIMIENTO!C15 -> 0.019158825 | N14: =CRECIMIENTO!F15 -> 0.02270095 | P14: 2003 | Q14: =CRECIMIENTO!B15 -> 0.0020144183 | R14: =CRECIMIENTO!E15 -> 0.02192563 | T14: 2003 | U14: =CRECIMIENTO!D15 -> 0.027390055 | V14: =CRECIMIENTO!G15 -> 0.013765004
L15: 2004 | M15: =CRECIMIENTO!C16 -> 0.028911109 | N15: =CRECIMIENTO!F16 -> 0.026772367 | P15: 2004 | Q15: =CRECIMIENTO!B16 -> 0.017429966 | R15: =CRECIMIENTO!E16 -> 0.022238677 | T15: 2004 | U15: =CRECIMIENTO!D16 -> 0.017454947 | V15: =CRECIMIENTO!G16 -> 0.013903976
... L35: 2024 | M35: =CRECIMIENTO!C36 -> 0.017941924 | N35: =CRECIMIENTO!F36 -> 0.029495252 | P35: 2024 | Q35: =CRECIMIENTO!B36 -> 0.0050878296 | R35: =CRECIMIENTO!E36 -> 0.021721039 | T35: 2024 | U35: =CRECIMIENTO!D36 -> 0.00054183999 | V35: =CRECIMIENTO!G36 -> 0.032715729
