Workbook

Sheet Resumen
A1: RESUMEN — PIB Eurozona / EEUU / Reino Unido (1993-2024)
A2: Datos en millones de € constantes de 2015. Año base de precios: 2015. Conversión USD→EUR al tipo medio BCE 2015 (1,1095 USD/EUR).
A4: Tabla 1. PIB de cada bloque en años clave (millones de €)
A5: Bloque | B5: 1993 | C5: 2000 | D5: 2008 | E5: 2009 | F5: 2020 | G5: 2024
A6: Eurozona | B6: =Bloques_EUR!B5 -> 7482430.5 | C6: =Bloques_EUR!I5 -> 9059605.8 | D6: =Bloques_EUR!Q5 -> 10477754 | E6: =Bloques_EUR!R5 -> 10008061 | F6: =Bloques_EUR!AC5 -> 10823485 | G6: =Bloques_EUR!AG5 -> 12107704
A7: EEUU | B7: =Bloques_EUR!B6 -> 9325664 | C7: =Bloques_EUR!I6 -> 12303694 | D7: =Bloques_EUR!Q6 -> 14647685 | E7: =Bloques_EUR!R6 -> 14270288 | F7: =Bloques_EUR!AC6 -> 17690521 | G7: =Bloques_EUR!AG6 -> 20341111
A8: UK | B8: =Bloques_EUR!B7 -> 1605530.1 | C8: =Bloques_EUR!I7 -> 2085901 | D8: =Bloques_EUR!Q7 -> 2479426.3 | E8: =Bloques_EUR!R7 -> 2365684.9 | F8: =Bloques_EUR!AC7 -> 2585688.6 | G8: =Bloques_EUR!AG7 -> 2992466.9
A11: Tabla 2. Estadísticos del crecimiento interanual (1994-2024)
A12: Bloque | B12: Media | C12: Mediana | D12: Máximo | E12: Mínimo | F12: Desv. típica | G12: Coef. var. | H12: CAGR 93-24
A13: Eurozona | B13: =Estadisticos!B6 -> 0.0159015 | C13: =Estadisticos!C6 -> 0.018015811 | D13: =Estadisticos!D6 -> 0.064371376 | E13: =Estadisticos!E6 -> -0.060567443 | F13: =Estadisticos!F6 -> 0.022864273 | G13: =Estadisticos!G6 -> 1.4378689 | H13: =Estadisticos!H6 -> 0.015646442
A14: EEUU | B14: =Estadisticos!B7 -> 0.025625539 | C14: =Estadisticos!C7 -> 0.026951926 | D14: =Estadisticos!D7 -> 0.060550529 | E14: =Estadisticos!E7 -> -0.025765002 | F14: =Estadisticos!F7 -> 0.017665435 | G14: =Estadisticos!G7 -> 0.68936833 | H14: =Estadisticos!H7 -> 0.025476334
A15: UK | B15: =Estadisticos!B8 -> 0.020759892 | C15: =Estadisticos!C8 -> 0.023260185 | D15: =Estadisticos!D8 -> 0.085431118 | E15: =Estadisticos!E8 -> -0.10047897 | F15: =Estadisticos!F8 -> 0.030869041 | G15: =Estadisticos!G8 -> 1.4869558 | H15: =Estadisticos!H8 -> 0.020288361
A18: Tabla 3. Ranking de países por CAGR 1993-2024
A19: Top 5 mayor crecimiento | E19: Bottom 5 menor crecimiento
A20: Rank | B20: País | C20: CAGR | E20: Rank | F20: País | G20: CAGR
A21: 1 | B21: =INDEX(Estadisticos!$A$13:$A$34,MATCH(C21,Estadisticos!$I$13:$I$34,0)) -> Irlanda | C21: =LARGE(Estadisticos!$I$13:$I$34,1) -> 0.057852529 | E21: 1 | F21: =INDEX(Estadisticos!$A$13:$A$34,MATCH(G21,Estadisticos!$I$13:$I$34,0)) -> Italia | G21: =SMALL(Estadisticos!$I$13:$I$34,1) -> 0.0079574705
A22: 2 | B22: =INDEX(Estadisticos!$A$13:$A$34,MATCH(C22,Estadisticos!$I$13:$I$34,0)) -> Malta | C22: =LARGE(Estadisticos!$I$13:$I$34,2) -> 0.051610727 | E22: 2 | F22: =INDEX(Estadisticos!$A$13:$A$34,MATCH(G22,Estadisticos!$I$13:$I$34,0)) -> Grecia | G22: =SMALL(Estadisticos!$I$13:$I$34,2) -> 0.010694623
A23: 3 | B23: =INDEX(Estadisticos!$A$13:$A$34,MATCH(C23,Estadisticos!$I$13:$I$34,0)) -> Eslovaquia | C23: =LARGE(Estadisticos!$I$13:$I$34,3) -> 0.034925 | E23: 3 | F23: =INDEX(Estadisticos!$A$13:$A$34,MATCH(G23,Estadisticos!$I$13:$I$34,0)) -> Alemania | G23: =SMALL(Estadisticos!$I$13:$I$34,3) -> 0.012388894
A24: 4 | B24: =INDEX(Estadisticos!$A$13:$A$34,MATCH(C24,Estadisticos!$I$13:$I$34,0)) -> Chipre | C24: =LARGE(Estadisticos!$I$13:$I$34,4) -> 0.034672403 | E24: 4 | F24: =INDEX(Estadisticos!$A$13:$A$34,MATCH(G24,Estadisticos!$I$13:$I$34,0)) -> Portugal | G24: =SMALL(Estadisticos!$I$13:$I$34,4) -> 0.015452966
A25: 5 | B25: =INDEX(Estadisticos!$A$13:$A$34,MATCH(C25,Estadisticos!$I$13:$I$34,0)) -> Lituania | C25: =LARGE(Estadisticos!$I$13:$I$34,5) -> 0.034666185 | E25: 5 | F25: =INDEX(Estadisticos!$A$13:$A$34,MATCH(G25,Estadisticos!$I$13:$I$34,0)) -> Francia | G25: =SMALL(Estadisticos!$I$13:$I$34,5) -> 0.015862969
A28: Leyenda de colores (estándar de modelos financieros):
A29: Azul: input numérico hardcoded
A30: Negro: fórmula intra-hoja
A31: Verde: fórmula que referencia a otra hoja

Sheet Datos_Origen_USD
A1: PIB - USD constantes de 2015 (fuente: Banco Mundial)
A2: Periodo: 1993-2024. Datos descargados a partir de la hoja "PIB $2015 Constante" del archivo original.
A4: País | B4: Código | C4: Bloque | D4: 1993 | E4: 1994 | F4: 1995 | G4: 1996 | H4: 1997 | I4: 1998 | J4: 1999 | K4: 2000 | L4: 2001 | M4: 2002 | N4: 2003 | O4: 2004 | P4: 2005 | Q4: 2006 | R4: 2007 | S4: 2008 | T4: 2009 | U4: 2010 | V4: 2011 | W4: 2012 | X4: 2013 | Y4: 2014 | Z4: 2015 | AA4: 2016 | AB4: 2017 | AC4: 2018 | AD4: 2019 | AE4: 2020 | AF4: 2021 | AG4: 2022 | AH4: 2023 | AI4: 2024
A5: Alemania | B5: DEU | C5: Eurozona | D5: 2.5103302e+12 | E5: 2.5755198e+12 | F5: 2.6142813e+12 | G5: 2.6414142e+12 | H5: 2.6903946e+12 | I5: 2.7467748e+12 | J5: 2.8052693e+12 | K5: 2.8859635e+12 | L5: 2.933182e+12 | M5: 2.9264868e+12 | N5: 2.9109823e+12 | O5: 2.9448104e+12 | P5: 2.9708863e+12 | Q5: 3.085761e+12 | R5: 3.1749123e+12 | S5: 3.2031024e+12 | T5: 3.0255046e+12 | U5: 3.1505983e+12 | V5: 3.2689968e+12 | W5: 3.284149e+12 | X5: 3.2971869e+12 | Y5: 3.3690717e+12 | Z5: 3.4250996e+12 | AA5: 3.5012129e+12 | AB5: 3.5991736e+12 | AC5: 3.6400492e+12 | AD5: 3.6756393e+12 | AE5: 3.523765e+12 | AF5: 3.6615442e+12 | AG5: 3.727791e+12 | AH5: 3.6953724e+12 | AI5: 3.6770488e+12
A6: Austria | B6: AUT | C6: Eurozona | D6: 2.5404617e+11 | E6: 2.6014866e+11 | F6: 2.6708939e+11 | G6: 2.7300746e+11 | H6: 2.7886575e+11 | I6: 2.886062e+11 | J6: 2.9946335e+11 | K6: 3.090148e+11 | L6: 3.1308449e+11 | M6: 3.1773181e+11 | N6: 3.2135893e+11 | O6: 3.2960261e+11 | P6: 3.3725059e+11 | Q6: 3.4827645e+11 | R6: 3.6142466e+11 | S6: 3.6667727e+11 | T6: 3.5352725e+11 | U6: 3.599225e+11 | V6: 3.7045911e+11 | W6: 3.7278651e+11 | X6: 3.7185184e+11 | Y6: 3.7466229e+11 | Z6: 3.795461e+11 | AA6: 3.8758192e+11 | AB6: 3.9638875e+11 | AC6: 4.0623592e+11 | AD6: 4.1336527e+11 | AE6: 3.872478e+11 | AF6: 4.0631236e+11 | AG6: 4.2797273e+11 | AH6: 4.2460781e+11 | AI6: 4.2180927e+11
A7: Bélgica | B7: BEL | C7: Eurozona | D7: 3.0220544e+11 | E7: 3.1195752e+11 | F7: 3.1939695e+11 | G7: 3.2361757e+11 | H7: 3.3589455e+11 | I7: 3.4248424e+11 | J7: 3.5461749e+11 | K7: 3.6779758e+11 | L7: 3.718419e+11 | M7: 3.7818884e+11 | N7: 3.8211427e+11 | O7: 3.9576037e+11 | P7: 4.0494888e+11 | Q7: 4.1528456e+11 | R7: 4.3055426e+11 | S7: 4.3247843e+11 | T7: 4.2423348e+11 | U7: 4.3573153e+11 | V7: 4.4414618e+11 | W7: 4.4510467e+11 | X7: 4.4646444e+11 | Y7: 4.5434695e+11 | Z7: 4.6104477e+11 | AA7: 4.6654735e+11 | AB7: 4.7342644e+11 | AC7: 4.8231724e+11 | AD7: 4.9409972e+11 | AE7: 4.704176e+11 | AF7: 4.9983966e+11 | AG7: 5.1961451e+11 | AH7: 5.2852134e+11 | AI7: 5.3417892e+11
A8: Chipre | B8: CYP | C8: Eurozona | D8: 1.1033727e+10 | E8: 1.1684717e+10 | F8: 1.2661847e+10 | G8: 1.2819936e+10 | H8: 1.3158501e+10 | I8: 1.3962602e+10 | J8: 1.4660447e+10 | K8: 1.5534987e+10 | L8: 1.6149017e+10 | M8: 1.6750241e+10 | N8: 1.718965e+10 | O8: 1.8053648e+10 | P8: 1.892979e+10 | Q8: 1.9822099e+10 | R8: 2.0832674e+10 | S8: 2.159244e+10 | T8: 2.1157334e+10 | U8: 2.1640287e+10 | V8: 2.1730464e+10 | W8: 2.0981332e+10 | X8: 1.9599192e+10 | Y8: 1.9251099e+10 | Z8: 1.9909278e+10 | AA8: 2.1218033e+10 | AB8: 2.2438246e+10 | AC8: 2.3845498e+10 | AD8: 2.5246563e+10 | AE8: 2.4433464e+10 | AF8: 2.7218283e+10 | AG8: 2.9470249e+10 | AH8: 3.0536912e+10 | AI8: 3.1740303e+10
A9: Croacia | B9: HRV | C9: Eurozona | D9: 2.9860844e+10 | E9: 3.1613818e+10 | F9: 3.3747976e+10 | G9: 3.5809633e+10 | H9: 3.8018368e+10 | I9: 3.8874419e+10 | J9: 3.8544494e+10 | K9: 3.9679727e+10 | L9: 4.0914257e+10 | M9: 4.3288645e+10 | N9: 4.5699119e+10 | O9: 4.7604994e+10 | P9: 4.9664898e+10 | Q9: 5.218245e+10 | R9: 5.4817286e+10 | S9: 5.589876e+10 | T9: 5.2090762e+10 | U9: 5.1394805e+10 | V9: 5.1337805e+10 | W9: 5.0189156e+10 | X9: 5.012208e+10 | Y9: 4.9842553e+10 | Z9: 5.0998893e+10 | AA9: 5.276675e+10 | AB9: 5.4499591e+10 | AC9: 5.6086115e+10 | AD9: 5.7825641e+10 | AE9: 5.3019831e+10 | AF9: 5.9717412e+10 | AG9: 6.4073471e+10 | AH9: 6.6483688e+10 | AI9: 6.9027943e+10
A10: Eslovaquia | B10: SVK | C10: Eurozona | D10: 3.6994072e+10 | E10: 3.928975e+10 | F10: 4.1585645e+10 | G10: 4.4130511e+10 | H10: 4.655144e+10 | I10: 4.8332548e+10 | J10: 4.8103809e+10 | K10: 4.8483456e+10 | L10: 4.9901675e+10 | M10: 5.2105959e+10 | N10: 5.4636588e+10 | O10: 5.7581226e+10 | P10: 6.131533e+10 | Q10: 6.6788144e+10 | R10: 7.4013706e+10 | S10: 7.798334e+10 | T10: 7.3690094e+10 | U10: 7.869408e+10 | V10: 8.0710556e+10 | W10: 8.1977043e+10 | X10: 8.2553607e+10 | Y10: 8.4789119e+10 | Z10: 8.9178549e+10 | AA10: 9.0915585e+10 | AB10: 9.3529165e+10 | AC10: 9.7328432e+10 | AD10: 9.9543529e+10 | AE10: 9.6969819e+10 | AF10: 1.0245429e+11 | AG10: 1.0301225e+11 | AH10: 1.0518853e+11 | AI10: 1.0722779e+11
A11: Eslovenia | B11: SVN | C11: Eurozona | D11: 2.4096823e+10 | E11: 2.5380578e+10 | F11: 2.6422999e+10 | G11: 2.7192864e+10 | H11: 2.8599099e+10 | I11: 2.9475325e+10 | J11: 3.1028088e+10 | K11: 3.2113425e+10 | L11: 3.3021813e+10 | M11: 3.4105781e+10 | N11: 3.5195472e+10 | O11: 3.6795466e+10 | P11: 3.821361e+10 | Q11: 4.0471568e+10 | R11: 4.3360927e+10 | S11: 4.4823161e+10 | T11: 4.1420821e+10 | U11: 4.1881477e+10 | V11: 4.2155984e+10 | W11: 4.092691e+10 | X11: 4.0589764e+10 | Y11: 4.1711192e+10 | Z11: 4.2709468e+10 | AA11: 4.4005451e+10 | AB11: 4.628247e+10 | AC11: 4.8309218e+10 | AD11: 5.0002578e+10 | AE11: 4.7959972e+10 | AF11: 5.1996698e+10 | AG11: 5.3384233e+10 | AH11: 5.4652553e+10 | AI11: 5.5598806e+10
A12: España | B12: ESP | C12: Eurozona | D12: 7.6339173e+11 | E12: 7.8158484e+11 | F12: 8.03137e+11 | G12: 8.2407808e+11 | H12: 8.5364023e+11 | I12: 8.9036364e+11 | J12: 9.2961858e+11 | K12: 9.779647e+11 | L12: 1.016292e+12 | M12: 1.0442955e+12 | N12: 1.0749904e+12 | O12: 1.1084713e+12 | P12: 1.1478356e+12 | Q12: 1.1942476e+12 | R12: 1.2364463e+12 | S12: 1.2459319e+12 | T12: 1.1989835e+12 | U12: 1.200112e+12 | V12: 1.1924323e+12 | W12: 1.1582677e+12 | X12: 1.1417355e+12 | Y12: 1.1590955e+12 | Z12: 1.2061648e+12 | AA12: 1.2413264e+12 | AB12: 1.2772757e+12 | AC12: 1.3078717e+12 | AD12: 1.3335214e+12 | AE12: 1.1876332e+12 | AF12: 1.2670045e+12 | AG12: 1.3477167e+12 | AH12: 1.3808821e+12 | AI12: 1.428595e+12
A13: Estonia | B13: EST | C13: Eurozona | D13: 1.0020459e+10 | E13: 9.8558806e+09 | F13: 1.0302025e+10 | G13: 1.0811255e+10 | H13: 1.2222126e+10 | I13: 1.2752546e+10 | J13: 1.2698344e+10 | K13: 1.3979307e+10 | L13: 1.4801395e+10 | M13: 1.5827575e+10 | N13: 1.7029886e+10 | O13: 1.8188037e+10 | P13: 1.9920094e+10 | Q13: 2.1864807e+10 | R13: 2.3520174e+10 | S13: 2.2314692e+10 | T13: 1.9050003e+10 | U13: 1.951668e+10 | V13: 2.1001309e+10 | W13: 2.1772481e+10 | X13: 2.2154914e+10 | Y13: 2.2891075e+10 | Z13: 2.3311848e+10 | AA13: 2.4032888e+10 | AB13: 2.5387062e+10 | AC13: 2.6326307e+10 | AD13: 2.7307396e+10 | AE13: 2.6519903e+10 | AF13: 2.8709089e+10 | AG13: 2.8357067e+10 | AH13: 2.7578887e+10 | AI13: 2.7554054e+10
A14: Finlandia | B14: FIN | C14: Eurozona | D14: 1.4088706e+11 | E14: 1.4647234e+11 | F14: 1.5267452e+11 | G14: 1.5826647e+11 | H14: 1.6839188e+11 | I14: 1.7757643e+11 | J14: 1.8537076e+11 | K14: 1.960365e+11 | L14: 2.0121238e+11 | M14: 2.0460749e+11 | N14: 2.0872378e+11 | O14: 2.1708396e+11 | P14: 2.2311306e+11 | Q14: 2.3208125e+11 | R14: 2.4441127e+11 | S14: 2.463285e+11 | T14: 2.2643494e+11 | U14: 2.3360905e+11 | V14: 2.3919323e+11 | W14: 2.355507e+11 | X14: 2.3324291e+11 | Y14: 2.3212785e+11 | Z14: 2.3321073e+11 | AA14: 2.3920876e+11 | AB14: 2.4711071e+11 | AC14: 2.5005869e+11 | AD14: 2.5343382e+11 | AE14: 2.471207e+11 | AF14: 2.537345e+11 | AG14: 2.556706e+11 | AH14: 2.5326962e+11 | AI14: 2.5432365e+11
A15: Francia | B15: FRA | C15: Eurozona | D15: 1.6700818e+12 | E15: 1.7098909e+12 | F15: 1.7493003e+12 | G15: 1.7737395e+12 | H15: 1.818563e+12 | I15: 1.8813506e+12 | J15: 1.9453035e+12 | K15: 2.0258585e+12 | L15: 2.064339e+12 | M15: 2.086381e+12 | N15: 2.1065735e+12 | O15: 2.1669953e+12 | P15: 2.2079205e+12 | Q15: 2.2678449e+12 | R15: 2.3252323e+12 | S15: 2.3340721e+12 | T15: 2.2681451e+12 | U15: 2.3135153e+12 | V15: 2.369909e+12 | W15: 2.3742658e+12 | X15: 2.3928267e+12 | Y15: 2.4167032e+12 | Z15: 2.4424835e+12 | AA15: 2.4634896e+12 | AB15: 2.5148192e+12 | AC15: 2.5562108e+12 | AD15: 2.6080366e+12 | AE15: 2.4139819e+12 | AF15: 2.5801203e+12 | AG15: 2.650216e+12 | AH15: 2.6883583e+12 | AI15: 2.7203623e+12
A16: Grecia | B16: GRC | C16: Eurozona | D16: 1.6082744e+11 | E16: 1.6404399e+11 | F16: 1.6748846e+11 | G16: 1.6980393e+11 | H16: 1.7592177e+11 | I16: 1.8196809e+11 | J16: 1.8680623e+11 | K16: 1.9453595e+11 | L16: 2.0358268e+11 | M16: 2.1311674e+11 | N16: 2.2547073e+11 | O16: 2.3759625e+11 | P16: 2.4040822e+11 | Q16: 2.5589867e+11 | R16: 2.6487271e+11 | S16: 2.6502494e+11 | T16: 2.5410783e+11 | U16: 2.3963959e+11 | V16: 2.1597092e+11 | W16: 1.9797809e+11 | X16: 1.934798e+11 | Y16: 1.9501259e+11 | Z16: 1.9456737e+11 | AA16: 1.9450551e+11 | AB16: 1.9737082e+11 | AC16: 2.0144588e+11 | AD16: 2.0603317e+11 | AE16: 1.8708588e+11 | AF16: 2.0327722e+11 | AG16: 2.1450216e+11 | AH16: 2.1908374e+11 | AI16: 2.2365508e+11
... A26: Reino Unido | B26: GBR | C26: UK | D26: 1.7813356e+12 | E26: 1869572508479 | F26: 1.9356318e+12 | G26: 1.986247e+12 | H26: 2.0831755e+12 | I26: 2.150802e+12 | J26: 2.2141314e+12 | K26: 2.3143072e+12 | L26: 2.3696428e+12 | M26: 2.4101406e+12 | N26: 2.4877114e+12 | O26: 2.545576e+12 | P26: 2.6166142e+12 | Q26: 2.6739134e+12 | R26: 2.7522834e+12 | S26: 2.7509235e+12 | T26: 2.6247274e+12 | U26: 2.6840605e+12 | V26: 2.7069136e+12 | W26: 2.7482823e+12 | X26: 2.7955107e+12 | Y26: 2.8838537e+12 | Z26: 2.9455799e+12 | AA26: 3.0105747e+12 | AB26: 3.1015911e+12 | AC26: 3.149707e+12 | AD26: 3.1892767e+12 | AE26: 2.8688215e+12 | AF26: 3.1139081e+12 | AG26: 3.2742652e+12 | AH26: 3.2831597e+12 | AI26: 3.320142e+12
A29: Tipo de cambio aplicado | B29: USD/EUR 2015 | C29: 1.1095
A30: Fuente: BCE (media anual 2015 de la referencia diaria EUR/USD)

Sheet Datos_EUR_Paises
A1: PIB país por país - millones de € constantes de 2015
A2: Conversión = (USD constantes 2015) / (tipo de cambio 2015 USD/EUR) / 1.000.000. Periodo 1993-2024.
A4: País | B4: Bloque | C4: 1993 | D4: 1994 | E4: 1995 | F4: 1996 | G4: 1997 | H4: 1998 | I4: 1999 | J4: 2000 | K4: 2001 | L4: 2002 | M4: 2003 | N4: 2004 | O4: 2005 | P4: 2006 | Q4: 2007 | R4: 2008 | S4: 2009 | T4: 2010 | U4: 2011 | V4: 2012 | W4: 2013 | X4: 2014 | Y4: 2015 | Z4: 2016 | AA4: 2017 | AB4: 2018 | AC4: 2019 | AD4: 2020 | AE4: 2021 | AF4: 2022 | AG4: 2023 | AH4: 2024
A5: Alemania | B5: Eurozona | C5: =Datos_Origen_USD!D5/Datos_Origen_USD!$C$29/1000000 -> 2262577.9 | D5: =Datos_Origen_USD!E5/Datos_Origen_USD!$C$29/1000000 -> 2321333.8 | E5: =Datos_Origen_USD!F5/Datos_Origen_USD!$C$29/1000000 -> 2356269.7 | F5: =Datos_Origen_USD!G5/Datos_Origen_USD!$C$29/1000000 -> 2380724.9 | G5: =Datos_Origen_USD!H5/Datos_Origen_USD!$C$29/1000000 -> 2424871.2 | H5: =Datos_Origen_USD!I5/Datos_Origen_USD!$C$29/1000000 -> 2475687.1 | I5: =Datos_Origen_USD!J5/Datos_Origen_USD!$C$29/1000000 -> 2528408.6 | J5: =Datos_Origen_USD!K5/Datos_Origen_USD!$C$29/1000000 -> 2601138.8 | ... AH5: =Datos_Origen_USD!AI5/Datos_Origen_USD!$C$29/1000000 -> 3314149.4
A6: Austria | B6: Eurozona | C6: =Datos_Origen_USD!D6/Datos_Origen_USD!$C$29/1000000 -> 228973.57 | D6: =Datos_Origen_USD!E6/Datos_Origen_USD!$C$29/1000000 -> 234473.78 | E6: =Datos_Origen_USD!F6/Datos_Origen_USD!$C$29/1000000 -> 240729.51 | F6: =Datos_Origen_USD!G6/Datos_Origen_USD!$C$29/1000000 -> 246063.51 | G6: =Datos_Origen_USD!H6/Datos_Origen_USD!$C$29/1000000 -> 251343.63 | H6: =Datos_Origen_USD!I6/Datos_Origen_USD!$C$29/1000000 -> 260122.76 | I6: =Datos_Origen_USD!J6/Datos_Origen_USD!$C$29/1000000 -> 269908.38 | J6: =Datos_Origen_USD!K6/Datos_Origen_USD!$C$29/1000000 -> 278517.17 | ... AH6: =Datos_Origen_USD!AI6/Datos_Origen_USD!$C$29/1000000 -> 380179.6
A7: Bélgica | B7: Eurozona | C7: =Datos_Origen_USD!D7/Datos_Origen_USD!$C$29/1000000 -> 272379.85 | D7: =Datos_Origen_USD!E7/Datos_Origen_USD!$C$29/1000000 -> 281169.47 | E7: =Datos_Origen_USD!F7/Datos_Origen_USD!$C$29/1000000 -> 287874.68 | F7: =Datos_Origen_USD!G7/Datos_Origen_USD!$C$29/1000000 -> 291678.74 | G7: =Datos_Origen_USD!H7/Datos_Origen_USD!$C$29/1000000 -> 302744.08 | H7: =Datos_Origen_USD!I7/Datos_Origen_USD!$C$29/1000000 -> 308683.41 | I7: =Datos_Origen_USD!J7/Datos_Origen_USD!$C$29/1000000 -> 319619.19 | J7: =Datos_Origen_USD!K7/Datos_Origen_USD!$C$29/1000000 -> 331498.5 | ... AH7: =Datos_Origen_USD!AI7/Datos_Origen_USD!$C$29/1000000 -> 481459.14
A8: Chipre | B8: Eurozona | C8: =Datos_Origen_USD!D8/Datos_Origen_USD!$C$29/1000000 -> 9944.774 | D8: =Datos_Origen_USD!E8/Datos_Origen_USD!$C$29/1000000 -> 10531.516 | E8: =Datos_Origen_USD!F8/Datos_Origen_USD!$C$29/1000000 -> 11412.21 | F8: =Datos_Origen_USD!G8/Datos_Origen_USD!$C$29/1000000 -> 11554.697 | G8: =Datos_Origen_USD!H8/Datos_Origen_USD!$C$29/1000000 -> 11859.848 | H8: =Datos_Origen_USD!I8/Datos_Origen_USD!$C$29/1000000 -> 12584.589 | I8: =Datos_Origen_USD!J8/Datos_Origen_USD!$C$29/1000000 -> 13213.562 | J8: =Datos_Origen_USD!K8/Datos_Origen_USD!$C$29/1000000 -> 14001.791 | ... AH8: =Datos_Origen_USD!AI8/Datos_Origen_USD!$C$29/1000000 -> 28607.754
A9: Croacia | B9: Eurozona | C9: =Datos_Origen_USD!D9/Datos_Origen_USD!$C$29/1000000 -> 26913.785 | D9: =Datos_Origen_USD!E9/Datos_Origen_USD!$C$29/1000000 -> 28493.752 | E9: =Datos_Origen_USD!F9/Datos_Origen_USD!$C$29/1000000 -> 30417.283 | F9: =Datos_Origen_USD!G9/Datos_Origen_USD!$C$29/1000000 -> 32275.47 | G9: =Datos_Origen_USD!H9/Datos_Origen_USD!$C$29/1000000 -> 34266.217 | H9: =Datos_Origen_USD!I9/Datos_Origen_USD!$C$29/1000000 -> 35037.782 | I9: =Datos_Origen_USD!J9/Datos_Origen_USD!$C$29/1000000 -> 34740.419 | J9: =Datos_Origen_USD!K9/Datos_Origen_USD!$C$29/1000000 -> 35763.612 | ... AH9: =Datos_Origen_USD!AI9/Datos_Origen_USD!$C$29/1000000 -> 62215.361
A10: Eslovaquia | B10: Eurozona | C10: =Datos_Origen_USD!D10/Datos_Origen_USD!$C$29/1000000 -> 33343.012 | D10: =Datos_Origen_USD!E10/Datos_Origen_USD!$C$29/1000000 -> 35412.123 | E10: =Datos_Origen_USD!F10/Datos_Origen_USD!$C$29/1000000 -> 37481.428 | F10: =Datos_Origen_USD!G10/Datos_Origen_USD!$C$29/1000000 -> 39775.134 | G10: =Datos_Origen_USD!H10/Datos_Origen_USD!$C$29/1000000 -> 41957.134 | H10: =Datos_Origen_USD!I10/Datos_Origen_USD!$C$29/1000000 -> 43562.459 | I10: =Datos_Origen_USD!J10/Datos_Origen_USD!$C$29/1000000 -> 43356.295 | J10: =Datos_Origen_USD!K10/Datos_Origen_USD!$C$29/1000000 -> 43698.473 | ... AH10: =Datos_Origen_USD!AI10/Datos_Origen_USD!$C$29/1000000 -> 96645.146
A11: Eslovenia | B11: Eurozona | C11: =Datos_Origen_USD!D11/Datos_Origen_USD!$C$29/1000000 -> 21718.633 | D11: =Datos_Origen_USD!E11/Datos_Origen_USD!$C$29/1000000 -> 22875.69 | E11: =Datos_Origen_USD!F11/Datos_Origen_USD!$C$29/1000000 -> 23815.231 | F11: =Datos_Origen_USD!G11/Datos_Origen_USD!$C$29/1000000 -> 24509.116 | G11: =Datos_Origen_USD!H11/Datos_Origen_USD!$C$29/1000000 -> 25776.565 | H11: =Datos_Origen_USD!I11/Datos_Origen_USD!$C$29/1000000 -> 26566.314 | I11: =Datos_Origen_USD!J11/Datos_Origen_USD!$C$29/1000000 -> 27965.829 | J11: =Datos_Origen_USD!K11/Datos_Origen_USD!$C$29/1000000 -> 28944.051 | ... AH11: =Datos_Origen_USD!AI11/Datos_Origen_USD!$C$29/1000000 -> 50111.587
A12: España | B12: Eurozona | C12: =Datos_Origen_USD!D12/Datos_Origen_USD!$C$29/1000000 -> 688050.23 | D12: =Datos_Origen_USD!E12/Datos_Origen_USD!$C$29/1000000 -> 704447.81 | E12: =Datos_Origen_USD!F12/Datos_Origen_USD!$C$29/1000000 -> 723872.91 | F12: =Datos_Origen_USD!G12/Datos_Origen_USD!$C$29/1000000 -> 742747.26 | G12: =Datos_Origen_USD!H12/Datos_Origen_USD!$C$29/1000000 -> 769391.83 | H12: =Datos_Origen_USD!I12/Datos_Origen_USD!$C$29/1000000 -> 802490.89 | I12: =Datos_Origen_USD!J12/Datos_Origen_USD!$C$29/1000000 -> 837871.63 | J12: =Datos_Origen_USD!K12/Datos_Origen_USD!$C$29/1000000 -> 881446.33 | ... AH12: =Datos_Origen_USD!AI12/Datos_Origen_USD!$C$29/1000000 -> 1287602.6
A13: Estonia | B13: Eurozona | C13: =Datos_Origen_USD!D13/Datos_Origen_USD!$C$29/1000000 -> 9031.5089 | D13: =Datos_Origen_USD!E13/Datos_Origen_USD!$C$29/1000000 -> 8883.1731 | E13: =Datos_Origen_USD!F13/Datos_Origen_USD!$C$29/1000000 -> 9285.2861 | F13: =Datos_Origen_USD!G13/Datos_Origen_USD!$C$29/1000000 -> 9744.2589 | G13: =Datos_Origen_USD!H13/Datos_Origen_USD!$C$29/1000000 -> 11015.887 | H13: =Datos_Origen_USD!I13/Datos_Origen_USD!$C$29/1000000 -> 11493.957 | I13: =Datos_Origen_USD!J13/Datos_Origen_USD!$C$29/1000000 -> 11445.105 | J13: =Datos_Origen_USD!K13/Datos_Origen_USD!$C$29/1000000 -> 12599.646 | ... AH13: =Datos_Origen_USD!AI13/Datos_Origen_USD!$C$29/1000000 -> 24834.659
A14: Finlandia | B14: Eurozona | C14: =Datos_Origen_USD!D14/Datos_Origen_USD!$C$29/1000000 -> 126982.48 | D14: =Datos_Origen_USD!E14/Datos_Origen_USD!$C$29/1000000 -> 132016.53 | E14: =Datos_Origen_USD!F14/Datos_Origen_USD!$C$29/1000000 -> 137606.6 | F14: =Datos_Origen_USD!G14/Datos_Origen_USD!$C$29/1000000 -> 142646.66 | G14: =Datos_Origen_USD!H14/Datos_Origen_USD!$C$29/1000000 -> 151772.76 | H14: =Datos_Origen_USD!I14/Datos_Origen_USD!$C$29/1000000 -> 160050.86 | I14: =Datos_Origen_USD!J14/Datos_Origen_USD!$C$29/1000000 -> 167075.94 | J14: =Datos_Origen_USD!K14/Datos_Origen_USD!$C$29/1000000 -> 176689.05 | ... AH14: =Datos_Origen_USD!AI14/Datos_Origen_USD!$C$29/1000000 -> 229223.66
A15: Francia | B15: Eurozona | C15: =Datos_Origen_USD!D15/Datos_Origen_USD!$C$29/1000000 -> 1505256.3 | D15: =Datos_Origen_USD!E15/Datos_Origen_USD!$C$29/1000000 -> 1541136.5 | E15: =Datos_Origen_USD!F15/Datos_Origen_USD!$C$29/1000000 -> 1576656.5 | F15: =Datos_Origen_USD!G15/Datos_Origen_USD!$C$29/1000000 -> 1598683.6 | G15: =Datos_Origen_USD!H15/Datos_Origen_USD!$C$29/1000000 -> 1639083.3 | H15: =Datos_Origen_USD!I15/Datos_Origen_USD!$C$29/1000000 -> 1695674.2 | I15: =Datos_Origen_USD!J15/Datos_Origen_USD!$C$29/1000000 -> 1753315.4 | J15: =Datos_Origen_USD!K15/Datos_Origen_USD!$C$29/1000000 -> 1825920.2 | ... AH15: =Datos_Origen_USD!AI15/Datos_Origen_USD!$C$29/1000000 -> 2451881.3
A16: Grecia | B16: Eurozona | C16: =Datos_Origen_USD!D16/Datos_Origen_USD!$C$29/1000000 -> 144954.88 | D16: =Datos_Origen_USD!E16/Datos_Origen_USD!$C$29/1000000 -> 147853.98 | E16: =Datos_Origen_USD!F16/Datos_Origen_USD!$C$29/1000000 -> 150958.5 | F16: =Datos_Origen_USD!G16/Datos_Origen_USD!$C$29/1000000 -> 153045.46 | G16: =Datos_Origen_USD!H16/Datos_Origen_USD!$C$29/1000000 -> 158559.51 | H16: =Datos_Origen_USD!I16/Datos_Origen_USD!$C$29/1000000 -> 164009.09 | I16: =Datos_Origen_USD!J16/Datos_Origen_USD!$C$29/1000000 -> 168369.74 | J16: =Datos_Origen_USD!K16/Datos_Origen_USD!$C$29/1000000 -> 175336.59 | ... AH16: =Datos_Origen_USD!AI16/Datos_Origen_USD!$C$29/1000000 -> 201581.87
... A26: Reino Unido | B26: UK | C26: =Datos_Origen_USD!D26/Datos_Origen_USD!$C$29/1000000 -> 1605530.1 | D26: =Datos_Origen_USD!E26/Datos_Origen_USD!$C$29/1000000 -> 1685058.6 | E26: =Datos_Origen_USD!F26/Datos_Origen_USD!$C$29/1000000 -> 1744598.3 | F26: =Datos_Origen_USD!G26/Datos_Origen_USD!$C$29/1000000 -> 1790218.1 | G26: =Datos_Origen_USD!H26/Datos_Origen_USD!$C$29/1000000 -> 1877580.5 | H26: =Datos_Origen_USD!I26/Datos_Origen_USD!$C$29/1000000 -> 1938532.6 | I26: =Datos_Origen_USD!J26/Datos_Origen_USD!$C$29/1000000 -> 1995611.9 | J26: =Datos_Origen_USD!K26/Datos_Origen_USD!$C$29/1000000 -> 2085901 | ... AH26: =Datos_Origen_USD!AI26/Datos_Origen_USD!$C$29/1000000 -> 2992466.9

Sheet Bloques_EUR
A1: PIB agregado por bloque - millones de € constantes de 2015
A2: Eurozona = suma de los 20 países; EEUU y UK como series individuales. Cálculo mediante SUMAR.SI sobre Datos_EUR_Paises.
A4: Bloque | B4: 1993 | C4: 1994 | D4: 1995 | E4: 1996 | F4: 1997 | G4: 1998 | H4: 1999 | I4: 2000 | J4: 2001 | K4: 2002 | L4: 2003 | M4: 2004 | N4: 2005 | O4: 2006 | P4: 2007 | Q4: 2008 | R4: 2009 | S4: 2010 | T4: 2011 | U4: 2012 | V4: 2013 | W4: 2014 | X4: 2015 | Y4: 2016 | Z4: 2017 | AA4: 2018 | AB4: 2019 | AC4: 2020 | AD4: 2021 | AE4: 2022 | AF4: 2023 | AG4: 2024
A5: Eurozona | B5: =SUMIF(Datos_EUR_Paises!$B$5:$B$26,$A5,Datos_EUR_Paises!C$5:C$26) -> 7482430.5 | C5: =SUMIF(Datos_EUR_Paises!$B$5:$B$26,$A5,Datos_EUR_Paises!D$5:D$26) -> 7670633.9 | D5: =SUMIF(Datos_EUR_Paises!$B$5:$B$26,$A5,Datos_EUR_Paises!E$5:E$26) -> 7860051.6 | E5: =SUMIF(Datos_EUR_Paises!$B$5:$B$26,$A5,Datos_EUR_Paises!F$5:F$26) -> 7997036.5 | F5: =SUMIF(Datos_EUR_Paises!$B$5:$B$26,$A5,Datos_EUR_Paises!G$5:G$26) -> 8218063.9 | G5: =SUMIF(Datos_EUR_Paises!$B$5:$B$26,$A5,Datos_EUR_Paises!H$5:H$26) -> 8464644 | H5: =SUMIF(Datos_EUR_Paises!$B$5:$B$26,$A5,Datos_EUR_Paises!I$5:I$26) -> 8719424.9 | I5: =SUMIF(Datos_EUR_Paises!$B$5:$B$26,$A5,Datos_EUR_Paises!J$5:J$26) -> 9059605.8 | ... AG5: =SUMIF(Datos_EUR_Paises!$B$5:$B$26,$A5,Datos_EUR_Paises!AH$5:AH$26) -> 12107704
A6: EEUU | B6: =SUMIF(Datos_EUR_Paises!$B$5:$B$26,$A6,Datos_EUR_Paises!C$5:C$26) -> 9325664 | C6: =SUMIF(Datos_EUR_Paises!$B$5:$B$26,$A6,Datos_EUR_Paises!D$5:D$26) -> 9701397.1 | D6: =SUMIF(Datos_EUR_Paises!$B$5:$B$26,$A6,Datos_EUR_Paises!E$5:E$26) -> 9961824.4 | E6: =SUMIF(Datos_EUR_Paises!$B$5:$B$26,$A6,Datos_EUR_Paises!F$5:F$26) -> 10337661 | F6: =SUMIF(Datos_EUR_Paises!$B$5:$B$26,$A6,Datos_EUR_Paises!G$5:G$26) -> 10797390 | G6: =SUMIF(Datos_EUR_Paises!$B$5:$B$26,$A6,Datos_EUR_Paises!H$5:H$26) -> 11281452 | H6: =SUMIF(Datos_EUR_Paises!$B$5:$B$26,$A6,Datos_EUR_Paises!I$5:I$26) -> 11821656 | I6: =SUMIF(Datos_EUR_Paises!$B$5:$B$26,$A6,Datos_EUR_Paises!J$5:J$26) -> 12303694 | ... AG6: =SUMIF(Datos_EUR_Paises!$B$5:$B$26,$A6,Datos_EUR_Paises!AH$5:AH$26) -> 20341111
A7: UK | B7: =SUMIF(Datos_EUR_Paises!$B$5:$B$26,$A7,Datos_EUR_Paises!C$5:C$26) -> 1605530.1 | C7: =SUMIF(Datos_EUR_Paises!$B$5:$B$26,$A7,Datos_EUR_Paises!D$5:D$26) -> 1685058.6 | D7: =SUMIF(Datos_EUR_Paises!$B$5:$B$26,$A7,Datos_EUR_Paises!E$5:E$26) -> 1744598.3 | E7: =SUMIF(Datos_EUR_Paises!$B$5:$B$26,$A7,Datos_EUR_Paises!F$5:F$26) -> 1790218.1 | F7: =SUMIF(Datos_EUR_Paises!$B$5:$B$26,$A7,Datos_EUR_Paises!G$5:G$26) -> 1877580.5 | G7: =SUMIF(Datos_EUR_Paises!$B$5:$B$26,$A7,Datos_EUR_Paises!H$5:H$26) -> 1938532.6 | H7: =SUMIF(Datos_EUR_Paises!$B$5:$B$26,$A7,Datos_EUR_Paises!I$5:I$26) -> 1995611.9 | I7: =SUMIF(Datos_EUR_Paises!$B$5:$B$26,$A7,Datos_EUR_Paises!J$5:J$26) -> 2085901 | ... AG7: =SUMIF(Datos_EUR_Paises!$B$5:$B$26,$A7,Datos_EUR_Paises!AH$5:AH$26) -> 2992466.9
A8: TOTAL Eurozona+EEUU+UK | B8: =SUM(B5:B7) -> 18413625 | C8: =SUM(C5:C7) -> 19057090 | D8: =SUM(D5:D7) -> 19566474 | E8: =SUM(E5:E7) -> 20124916 | F8: =SUM(F5:F7) -> 20893035 | G8: =SUM(G5:G7) -> 21684628 | H8: =SUM(H5:H7) -> 22536693 | I8: =SUM(I5:I7) -> 23449201 | ... AG8: =SUM(AG5:AG7) -> 35441282

Sheet Crecimiento_Paises
A1: Crecimiento interanual del PIB país por país (% año t respecto a t-1)
A2: Fórmula: (PIB_t / PIB_t-1) - 1. Calculado sobre Datos_EUR_Paises. No hay tasa para 1993 (es el año inicial).
A4: País | B4: Bloque | C4: 1994 | D4: 1995 | E4: 1996 | F4: 1997 | G4: 1998 | H4: 1999 | I4: 2000 | J4: 2001 | K4: 2002 | L4: 2003 | M4: 2004 | N4: 2005 | O4: 2006 | P4: 2007 | Q4: 2008 | R4: 2009 | S4: 2010 | T4: 2011 | U4: 2012 | V4: 2013 | W4: 2014 | X4: 2015 | Y4: 2016 | Z4: 2017 | AA4: 2018 | AB4: 2019 | AC4: 2020 | AD4: 2021 | AE4: 2022 | AF4: 2023 | AG4: 2024
A5: Alemania | B5: Eurozona | C5: =IFERROR(Datos_EUR_Paises!D5/Datos_EUR_Paises!C5-1,"") -> 0.025968557 | D5: =IFERROR(Datos_EUR_Paises!E5/Datos_EUR_Paises!D5-1,"") -> 0.015049938 | E5: =IFERROR(Datos_EUR_Paises!F5/Datos_EUR_Paises!E5-1,"") -> 0.010378756 | F5: =IFERROR(Datos_EUR_Paises!G5/Datos_EUR_Paises!F5-1,"") -> 0.018543224 | G5: =IFERROR(Datos_EUR_Paises!H5/Datos_EUR_Paises!G5-1,"") -> 0.020956123 | H5: =IFERROR(Datos_EUR_Paises!I5/Datos_EUR_Paises!H5-1,"") -> 0.021295702 | I5: =IFERROR(Datos_EUR_Paises!J5/Datos_EUR_Paises!I5-1,"") -> 0.028765231 | J5: =IFERROR(Datos_EUR_Paises!K5/Datos_EUR_Paises!J5-1,"") -> 0.016361417 | ... AG5: =IFERROR(Datos_EUR_Paises!AH5/Datos_EUR_Paises!AG5-1,"") -> -0.004958519
A6: Austria | B6: Eurozona | C6: =IFERROR(Datos_EUR_Paises!D6/Datos_EUR_Paises!C6-1,"") -> 0.024021184 | D6: =IFERROR(Datos_EUR_Paises!E6/Datos_EUR_Paises!D6-1,"") -> 0.026679839 | E6: =IFERROR(Datos_EUR_Paises!F6/Datos_EUR_Paises!E6-1,"") -> 0.022157671 | F6: =IFERROR(Datos_EUR_Paises!G6/Datos_EUR_Paises!F6-1,"") -> 0.021458351 | G6: =IFERROR(Datos_EUR_Paises!H6/Datos_EUR_Paises!G6-1,"") -> 0.0349288 | H6: =IFERROR(Datos_EUR_Paises!I6/Datos_EUR_Paises!H6-1,"") -> 0.037619244 | I6: =IFERROR(Datos_EUR_Paises!J6/Datos_EUR_Paises!I6-1,"") -> 0.031895229 | J6: =IFERROR(Datos_EUR_Paises!K6/Datos_EUR_Paises!J6-1,"") -> 0.013169875 | ... AG6: =IFERROR(Datos_EUR_Paises!AH6/Datos_EUR_Paises!AG6-1,"") -> -0.0065908957
A7: Bélgica | B7: Eurozona | C7: =IFERROR(Datos_EUR_Paises!D7/Datos_EUR_Paises!C7-1,"") -> 0.032269715 | D7: =IFERROR(Datos_EUR_Paises!E7/Datos_EUR_Paises!D7-1,"") -> 0.023847572 | E7: =IFERROR(Datos_EUR_Paises!F7/Datos_EUR_Paises!E7-1,"") -> 0.013214321 | F7: =IFERROR(Datos_EUR_Paises!G7/Datos_EUR_Paises!F7-1,"") -> 0.037936717 | G7: =IFERROR(Datos_EUR_Paises!H7/Datos_EUR_Paises!G7-1,"") -> 0.019618324 | H7: =IFERROR(Datos_EUR_Paises!I7/Datos_EUR_Paises!H7-1,"") -> 0.03542718 | I7: =IFERROR(Datos_EUR_Paises!J7/Datos_EUR_Paises!I7-1,"") -> 0.037167051 | J7: =IFERROR(Datos_EUR_Paises!K7/Datos_EUR_Paises!J7-1,"") -> 0.010996036 | ... AG7: =IFERROR(Datos_EUR_Paises!AH7/Datos_EUR_Paises!AG7-1,"") -> 0.010704541
A8: Chipre | B8: Eurozona | C8: =IFERROR(Datos_EUR_Paises!D8/Datos_EUR_Paises!C8-1,"") -> 0.058999993 | D8: =IFERROR(Datos_EUR_Paises!E8/Datos_EUR_Paises!D8-1,"") -> 0.083624689 | E8: =IFERROR(Datos_EUR_Paises!F8/Datos_EUR_Paises!E8-1,"") -> 0.012485415 | F8: =IFERROR(Datos_EUR_Paises!G8/Datos_EUR_Paises!F8-1,"") -> 0.026409307 | G8: =IFERROR(Datos_EUR_Paises!H8/Datos_EUR_Paises!G8-1,"") -> 0.061108829 | H8: =IFERROR(Datos_EUR_Paises!I8/Datos_EUR_Paises!H8-1,"") -> 0.049979547 | I8: =IFERROR(Datos_EUR_Paises!J8/Datos_EUR_Paises!I8-1,"") -> 0.059653045 | J8: =IFERROR(Datos_EUR_Paises!K8/Datos_EUR_Paises!J8-1,"") -> 0.039525626 | ... AG8: =IFERROR(Datos_EUR_Paises!AH8/Datos_EUR_Paises!AG8-1,"") -> 0.039407738
A9: Croacia | B9: Eurozona | C9: =IFERROR(Datos_EUR_Paises!D9/Datos_EUR_Paises!C9-1,"") -> 0.058704746 | D9: =IFERROR(Datos_EUR_Paises!E9/Datos_EUR_Paises!D9-1,"") -> 0.06750714 | E9: =IFERROR(Datos_EUR_Paises!F9/Datos_EUR_Paises!E9-1,"") -> 0.061089808 | F9: =IFERROR(Datos_EUR_Paises!G9/Datos_EUR_Paises!F9-1,"") -> 0.061679905 | G9: =IFERROR(Datos_EUR_Paises!H9/Datos_EUR_Paises!G9-1,"") -> 0.022516779 | H9: =IFERROR(Datos_EUR_Paises!I9/Datos_EUR_Paises!H9-1,"") -> -0.0084869443 | I9: =IFERROR(Datos_EUR_Paises!J9/Datos_EUR_Paises!I9-1,"") -> 0.029452532 | J9: =IFERROR(Datos_EUR_Paises!K9/Datos_EUR_Paises!J9-1,"") -> 0.031112349 | ... AG9: =IFERROR(Datos_EUR_Paises!AH9/Datos_EUR_Paises!AG9-1,"") -> 0.03826887
A10: Eslovaquia | B10: Eurozona | C10: =IFERROR(Datos_EUR_Paises!D10/Datos_EUR_Paises!C10-1,"") -> 0.062055305 | D10: =IFERROR(Datos_EUR_Paises!E10/Datos_EUR_Paises!D10-1,"") -> 0.058434943 | E10: =IFERROR(Datos_EUR_Paises!F10/Datos_EUR_Paises!E10-1,"") -> 0.061195788 | F10: =IFERROR(Datos_EUR_Paises!G10/Datos_EUR_Paises!F10-1,"") -> 0.054858402 | G10: =IFERROR(Datos_EUR_Paises!H10/Datos_EUR_Paises!G10-1,"") -> 0.038261077 | H10: =IFERROR(Datos_EUR_Paises!I10/Datos_EUR_Paises!H10-1,"") -> -0.0047326121 | I10: =IFERROR(Datos_EUR_Paises!J10/Datos_EUR_Paises!I10-1,"") -> 0.0078922448 | J10: =IFERROR(Datos_EUR_Paises!K10/Datos_EUR_Paises!J10-1,"") -> 0.029251608 | ... AG10: =IFERROR(Datos_EUR_Paises!AH10/Datos_EUR_Paises!AG10-1,"") -> 0.019386745
A11: Eslovenia | B11: Eurozona | C11: =IFERROR(Datos_EUR_Paises!D11/Datos_EUR_Paises!C11-1,"") -> 0.053274857 | D11: =IFERROR(Datos_EUR_Paises!E11/Datos_EUR_Paises!D11-1,"") -> 0.041071584 | E11: =IFERROR(Datos_EUR_Paises!F11/Datos_EUR_Paises!E11-1,"") -> 0.029136178 | F11: =IFERROR(Datos_EUR_Paises!G11/Datos_EUR_Paises!F11-1,"") -> 0.051713383 | G11: =IFERROR(Datos_EUR_Paises!H11/Datos_EUR_Paises!G11-1,"") -> 0.03063826 | H11: =IFERROR(Datos_EUR_Paises!I11/Datos_EUR_Paises!H11-1,"") -> 0.05268007 | I11: =IFERROR(Datos_EUR_Paises!J11/Datos_EUR_Paises!I11-1,"") -> 0.034979194 | J11: =IFERROR(Datos_EUR_Paises!K11/Datos_EUR_Paises!J11-1,"") -> 0.028286848 | ... AG11: =IFERROR(Datos_EUR_Paises!AH11/Datos_EUR_Paises!AG11-1,"") -> 0.017313972
A12: España | B12: Eurozona | C12: =IFERROR(Datos_EUR_Paises!D12/Datos_EUR_Paises!C12-1,"") -> 0.023831954 | D12: =IFERROR(Datos_EUR_Paises!E12/Datos_EUR_Paises!D12-1,"") -> 0.02757494 | E12: =IFERROR(Datos_EUR_Paises!F12/Datos_EUR_Paises!E12-1,"") -> 0.026074112 | F12: =IFERROR(Datos_EUR_Paises!G12/Datos_EUR_Paises!F12-1,"") -> 0.035872997 | G12: =IFERROR(Datos_EUR_Paises!H12/Datos_EUR_Paises!G12-1,"") -> 0.043019775 | H12: =IFERROR(Datos_EUR_Paises!I12/Datos_EUR_Paises!H12-1,"") -> 0.044088655 | I12: =IFERROR(Datos_EUR_Paises!J12/Datos_EUR_Paises!I12-1,"") -> 0.052006413 | J12: =IFERROR(Datos_EUR_Paises!K12/Datos_EUR_Paises!J12-1,"") -> 0.039190888 | ... AG12: =IFERROR(Datos_EUR_Paises!AH12/Datos_EUR_Paises!AG12-1,"") -> 0.034552541
A13: Estonia | B13: Eurozona | C13: =IFERROR(Datos_EUR_Paises!D13/Datos_EUR_Paises!C13-1,"") -> -0.016424246 | D13: =IFERROR(Datos_EUR_Paises!E13/Datos_EUR_Paises!D13-1,"") -> 0.045266818 | E13: =IFERROR(Datos_EUR_Paises!F13/Datos_EUR_Paises!E13-1,"") -> 0.049430123 | F13: =IFERROR(Datos_EUR_Paises!G13/Datos_EUR_Paises!F13-1,"") -> 0.13050021 | G13: =IFERROR(Datos_EUR_Paises!H13/Datos_EUR_Paises!G13-1,"") -> 0.043398276 | H13: =IFERROR(Datos_EUR_Paises!I13/Datos_EUR_Paises!H13-1,"") -> -0.0042502537 | I13: =IFERROR(Datos_EUR_Paises!J13/Datos_EUR_Paises!I13-1,"") -> 0.10087639 | J13: =IFERROR(Datos_EUR_Paises!K13/Datos_EUR_Paises!J13-1,"") -> 0.058807459 | ... AG13: =IFERROR(Datos_EUR_Paises!AH13/Datos_EUR_Paises!AG13-1,"") -> -0.00090042865
A14: Finlandia | B14: Eurozona | C14: =IFERROR(Datos_EUR_Paises!D14/Datos_EUR_Paises!C14-1,"") -> 0.039643728 | D14: =IFERROR(Datos_EUR_Paises!E14/Datos_EUR_Paises!D14-1,"") -> 0.042343671 | E14: =IFERROR(Datos_EUR_Paises!F14/Datos_EUR_Paises!E14-1,"") -> 0.036626572 | F14: =IFERROR(Datos_EUR_Paises!G14/Datos_EUR_Paises!F14-1,"") -> 0.063977007 | G14: =IFERROR(Datos_EUR_Paises!H14/Datos_EUR_Paises!G14-1,"") -> 0.054542702 | H14: =IFERROR(Datos_EUR_Paises!I14/Datos_EUR_Paises!H14-1,"") -> 0.043892807 | I14: =IFERROR(Datos_EUR_Paises!J14/Datos_EUR_Paises!I14-1,"") -> 0.057537377 | J14: =IFERROR(Datos_EUR_Paises!K14/Datos_EUR_Paises!J14-1,"") -> 0.026402621 | ... AG14: =IFERROR(Datos_EUR_Paises!AH14/Datos_EUR_Paises!AG14-1,"") -> 0.0041617196
A15: Francia | B15: Eurozona | C15: =IFERROR(Datos_EUR_Paises!D15/Datos_EUR_Paises!C15-1,"") -> 0.023836609 | D15: =IFERROR(Datos_EUR_Paises!E15/Datos_EUR_Paises!D15-1,"") -> 0.023047928 | E15: =IFERROR(Datos_EUR_Paises!F15/Datos_EUR_Paises!E15-1,"") -> 0.013970799 | F15: =IFERROR(Datos_EUR_Paises!G15/Datos_EUR_Paises!F15-1,"") -> 0.025270616 | G15: =IFERROR(Datos_EUR_Paises!H15/Datos_EUR_Paises!G15-1,"") -> 0.034525943 | H15: =IFERROR(Datos_EUR_Paises!I15/Datos_EUR_Paises!H15-1,"") -> 0.033993081 | I15: =IFERROR(Datos_EUR_Paises!J15/Datos_EUR_Paises!I15-1,"") -> 0.04141 | J15: =IFERROR(Datos_EUR_Paises!K15/Datos_EUR_Paises!J15-1,"") -> 0.01899467 | ... AG15: =IFERROR(Datos_EUR_Paises!AH15/Datos_EUR_Paises!AG15-1,"") -> 0.01190468
A16: Grecia | B16: Eurozona | C16: =IFERROR(Datos_EUR_Paises!D16/Datos_EUR_Paises!C16-1,"") -> 0.019999998 | D16: =IFERROR(Datos_EUR_Paises!E16/Datos_EUR_Paises!D16-1,"") -> 0.020997195 | E16: =IFERROR(Datos_EUR_Paises!F16/Datos_EUR_Paises!E16-1,"") -> 0.013824706 | F16: =IFERROR(Datos_EUR_Paises!G16/Datos_EUR_Paises!F16-1,"") -> 0.036028833 | G16: =IFERROR(Datos_EUR_Paises!H16/Datos_EUR_Paises!G16-1,"") -> 0.034369358 | H16: =IFERROR(Datos_EUR_Paises!I16/Datos_EUR_Paises!H16-1,"") -> 0.026587856 | I16: =IFERROR(Datos_EUR_Paises!J16/Datos_EUR_Paises!I16-1,"") -> 0.04137827 | J16: =IFERROR(Datos_EUR_Paises!K16/Datos_EUR_Paises!J16-1,"") -> 0.046504146 | ... AG16: =IFERROR(Datos_EUR_Paises!AH16/Datos_EUR_Paises!AG16-1,"") -> 0.020865743
... A26: Reino Unido | B26: UK | C26: =IFERROR(Datos_EUR_Paises!D26/Datos_EUR_Paises!C26-1,"") -> 0.049534109 | D26: =IFERROR(Datos_EUR_Paises!E26/Datos_EUR_Paises!D26-1,"") -> 0.03533391 | E26: =IFERROR(Datos_EUR_Paises!F26/Datos_EUR_Paises!E26-1,"") -> 0.026149161 | F26: =IFERROR(Datos_EUR_Paises!G26/Datos_EUR_Paises!F26-1,"") -> 0.048799853 | G26: =IFERROR(Datos_EUR_Paises!H26/Datos_EUR_Paises!G26-1,"") -> 0.032463148 | H26: =IFERROR(Datos_EUR_Paises!I26/Datos_EUR_Paises!H26-1,"") -> 0.029444587 | I26: =IFERROR(Datos_EUR_Paises!J26/Datos_EUR_Paises!I26-1,"") -> 0.045243807 | J26: =IFERROR(Datos_EUR_Paises!K26/Datos_EUR_Paises!J26-1,"") -> 0.023910223 | ... AG26: =IFERROR(Datos_EUR_Paises!AH26/Datos_EUR_Paises!AG26-1,"") -> 0.011264227

Sheet Crecimiento_Bloques
A1: Crecimiento interanual del PIB por bloque económico
A2: Fórmula: (PIB_t / PIB_t-1) - 1. Calculado sobre Bloques_EUR.
A4: Bloque | B4: 1994 | C4: 1995 | D4: 1996 | E4: 1997 | F4: 1998 | G4: 1999 | H4: 2000 | I4: 2001 | J4: 2002 | K4: 2003 | L4: 2004 | M4: 2005 | N4: 2006 | O4: 2007 | P4: 2008 | Q4: 2009 | R4: 2010 | S4: 2011 | T4: 2012 | U4: 2013 | V4: 2014 | W4: 2015 | X4: 2016 | Y4: 2017 | Z4: 2018 | AA4: 2019 | AB4: 2020 | AC4: 2021 | AD4: 2022 | AE4: 2023 | AF4: 2024
A5: Eurozona | B5: =Bloques_EUR!C5/Bloques_EUR!B5-1 -> 0.025152717 | C5: =Bloques_EUR!D5/Bloques_EUR!C5-1 -> 0.02469388 | D5: =Bloques_EUR!E5/Bloques_EUR!D5-1 -> 0.017427988 | E5: =Bloques_EUR!F5/Bloques_EUR!E5-1 -> 0.027638664 | F5: =Bloques_EUR!G5/Bloques_EUR!F5-1 -> 0.030004643 | G5: =Bloques_EUR!H5/Bloques_EUR!G5-1 -> 0.030099431 | H5: =Bloques_EUR!I5/Bloques_EUR!H5-1 -> 0.039014136 | I5: =Bloques_EUR!J5/Bloques_EUR!I5-1 -> 0.021850986 | ... AF5: =Bloques_EUR!AG5/Bloques_EUR!AF5-1 -> 0.0091191016
A6: EEUU | B6: =Bloques_EUR!C6/Bloques_EUR!B6-1 -> 0.040290227 | C6: =Bloques_EUR!D6/Bloques_EUR!C6-1 -> 0.026844307 | D6: =Bloques_EUR!E6/Bloques_EUR!D6-1 -> 0.037727727 | E6: =Bloques_EUR!F6/Bloques_EUR!E6-1 -> 0.044471279 | F6: =Bloques_EUR!G6/Bloques_EUR!F6-1 -> 0.044831334 | G6: =Bloques_EUR!H6/Bloques_EUR!G6-1 -> 0.04788425 | H6: =Bloques_EUR!I6/Bloques_EUR!H6-1 -> 0.040775858 | I6: =Bloques_EUR!J6/Bloques_EUR!I6-1 -> 0.0095553835 | ... AF6: =Bloques_EUR!AG6/Bloques_EUR!AF6-1 -> 0.027930013
A7: UK | B7: =Bloques_EUR!C7/Bloques_EUR!B7-1 -> 0.049534109 | C7: =Bloques_EUR!D7/Bloques_EUR!C7-1 -> 0.03533391 | D7: =Bloques_EUR!E7/Bloques_EUR!D7-1 -> 0.026149161 | E7: =Bloques_EUR!F7/Bloques_EUR!E7-1 -> 0.048799853 | F7: =Bloques_EUR!G7/Bloques_EUR!F7-1 -> 0.032463148 | G7: =Bloques_EUR!H7/Bloques_EUR!G7-1 -> 0.029444587 | H7: =Bloques_EUR!I7/Bloques_EUR!H7-1 -> 0.045243807 | I7: =Bloques_EUR!J7/Bloques_EUR!I7-1 -> 0.023910223 | ... AF7: =Bloques_EUR!AG7/Bloques_EUR!AF7-1 -> 0.011264227

Sheet Estadisticos
A1: Estadísticos del crecimiento interanual del PIB (1994-2024)
A2: Sobre las series de Crecimiento_Bloques y Crecimiento_Paises. CV = Desv.típica / |Media|. CAGR = (PIB_2024/PIB_1993)^(1/31)-1.
A4: A. Por bloques agregados
A5: Bloque | B5: Media | C5: Mediana | D5: Máximo | E5: Mínimo | F5: Desv. típica | G5: Coef. variación | H5: CAGR 1993-2024 | I5: Recorrido
A6: Eurozona | B6: =AVERAGE(Crecimiento_Bloques!B5:AF5) -> 0.0159015 | C6: =MEDIAN(Crecimiento_Bloques!B5:AF5) -> 0.018015811 | D6: =MAX(Crecimiento_Bloques!B5:AF5) -> 0.064371376 | E6: =MIN(Crecimiento_Bloques!B5:AF5) -> -0.060567443 | F6: =STDEV(Crecimiento_Bloques!B5:AF5) -> 0.022864273 | G6: =F6/ABS(B6) -> 1.4378689 | H6: =(Bloques_EUR!AG5/Bloques_EUR!B5)^(1/31)-1 -> 0.015646442 | I6: =D6-E6 -> 0.12493882
A7: EEUU | B7: =AVERAGE(Crecimiento_Bloques!B6:AF6) -> 0.025625539 | C7: =MEDIAN(Crecimiento_Bloques!B6:AF6) -> 0.026951926 | D7: =MAX(Crecimiento_Bloques!B6:AF6) -> 0.060550529 | E7: =MIN(Crecimiento_Bloques!B6:AF6) -> -0.025765002 | F7: =STDEV(Crecimiento_Bloques!B6:AF6) -> 0.017665435 | G7: =F7/ABS(B7) -> 0.68936833 | H7: =(Bloques_EUR!AG6/Bloques_EUR!B6)^(1/31)-1 -> 0.025476334 | I7: =D7-E7 -> 0.086315532
A8: UK | B8: =AVERAGE(Crecimiento_Bloques!B7:AF7) -> 0.020759892 | C8: =MEDIAN(Crecimiento_Bloques!B7:AF7) -> 0.023260185 | D8: =MAX(Crecimiento_Bloques!B7:AF7) -> 0.085431118 | E8: =MIN(Crecimiento_Bloques!B7:AF7) -> -0.10047897 | F8: =STDEV(Crecimiento_Bloques!B7:AF7) -> 0.030869041 | G8: =F8/ABS(B8) -> 1.4869558 | H8: =(Bloques_EUR!AG7/Bloques_EUR!B7)^(1/31)-1 -> 0.020288361 | I8: =D8-E8 -> 0.18591008
A11: B. País por país
A12: País | B12: Bloque | C12: Media | D12: Mediana | E12: Máximo | F12: Mínimo | G12: Desv. típica | H12: Coef. variación | I12: CAGR 1993-2024
A13: Alemania | B13: Eurozona | C13: =AVERAGE(Crecimiento_Paises!C5:AG5) -> 0.012603957 | D13: =MEDIAN(Crecimiento_Paises!C5:AG5) -> 0.016361417 | E13: =MAX(Crecimiento_Paises!C5:AG5) -> 0.041346378 | F13: =MIN(Crecimiento_Paises!C5:AG5) -> -0.055445545 | G13: =STDEV(Crecimiento_Paises!C5:AG5) -> 0.020992806 | H13: =G13/ABS(C13) -> 1.6655726 | I13: =(Datos_EUR_Paises!AH5/Datos_EUR_Paises!C5)^(1/31)-1 -> 0.012388894
A14: Austria | B14: Eurozona | C14: =AVERAGE(Crecimiento_Paises!C6:AG6) -> 0.01674471 | D14: =MEDIAN(Crecimiento_Paises!C6:AG6) -> 0.021458351 | E14: =MAX(Crecimiento_Paises!C6:AG6) -> 0.053309638 | F14: =MIN(Crecimiento_Paises!C6:AG6) -> -0.063182551 | G14: =STDEV(Crecimiento_Paises!C6:AG6) -> 0.022819928 | H14: =G14/ABS(C14) -> 1.3628142 | I14: =(Datos_EUR_Paises!AH6/Datos_EUR_Paises!C6)^(1/31)-1 -> 0.016490531
A15: Bélgica | B15: Eurozona | C15: =AVERAGE(Crecimiento_Paises!C7:AG7) -> 0.01872542 | D15: =MEDIAN(Crecimiento_Paises!C7:AG7) -> 0.018779685 | E15: =MAX(Crecimiento_Paises!C7:AG7) -> 0.062544569 | F15: =MIN(Crecimiento_Paises!C7:AG7) -> -0.047929839 | G15: =STDEV(Crecimiento_Paises!C7:AG7) -> 0.019355518 | H15: =G15/ABS(C15) -> 1.0336494 | I15: =(Datos_EUR_Paises!AH7/Datos_EUR_Paises!C7)^(1/31)-1 -> 0.018544819
A16: Chipre | B16: Eurozona | C16: =AVERAGE(Crecimiento_Paises!C8:AG8) -> 0.035367113 | D16: =MEDIAN(Crecimiento_Paises!C8:AG8) -> 0.039525626 | E16: =MAX(Crecimiento_Paises!C8:AG8) -> 0.11397559 | F16: =MIN(Crecimiento_Paises!C8:AG8) -> -0.065874775 | G16: =STDEV(Crecimiento_Paises!C8:AG8) -> 0.038174384 | H16: =G16/ABS(C16) -> 1.0793752 | I16: =(Datos_EUR_Paises!AH8/Datos_EUR_Paises!C8)^(1/31)-1 -> 0.034672403
A17: Croacia | B17: Eurozona | C17: =AVERAGE(Crecimiento_Paises!C9:AG9) -> 0.028199173 | D17: =MEDIAN(Crecimiento_Paises!C9:AG9) -> 0.032839632 | E17: =MAX(Crecimiento_Paises!C9:AG9) -> 0.12632219 | F17: =MIN(Crecimiento_Paises!C9:AG9) -> -0.08310864 | G17: =STDEV(Crecimiento_Paises!C9:AG9) -> 0.040799604 | H17: =G17/ABS(C17) -> 1.4468369 | I17: =(Datos_EUR_Paises!AH9/Datos_EUR_Paises!C9)^(1/31)-1 -> 0.027399729
A18: Eslovaquia | B18: Eurozona | C18: =AVERAGE(Crecimiento_Paises!C10:AG10) -> 0.03542244 | D18: =MEDIAN(Crecimiento_Paises!C10:AG10) -> 0.038261077 | E18: =MAX(Crecimiento_Paises!C10:AG10) -> 0.1081863 | F18: =MIN(Crecimiento_Paises!C10:AG10) -> -0.055053379 | G18: =STDEV(Crecimiento_Paises!C10:AG10) -> 0.032452705 | H18: =G18/ABS(C18) -> 0.9161623 | I18: =(Datos_EUR_Paises!AH10/Datos_EUR_Paises!C10)^(1/31)-1 -> 0.034925
A19: Eslovenia | B19: Eurozona | C19: =AVERAGE(Crecimiento_Paises!C11:AG11) -> 0.027829232 | D19: =MEDIAN(Crecimiento_Paises!C11:AG11) -> 0.031950312 | E19: =MAX(Crecimiento_Paises!C11:AG11) -> 0.084168646 | F19: =MIN(Crecimiento_Paises!C11:AG11) -> -0.075905861 | G19: =STDEV(Crecimiento_Paises!C11:AG11) -> 0.031837898 | H19: =G19/ABS(C19) -> 1.1440451 | I19: =(Datos_EUR_Paises!AH11/Datos_EUR_Paises!C11)^(1/31)-1 -> 0.02733737
A20: España | B20: Eurozona | C20: =AVERAGE(Crecimiento_Paises!C12:AG12) -> 0.020981565 | D20: =MEDIAN(Crecimiento_Paises!C12:AG12) -> 0.028960421 | E20: =MAX(Crecimiento_Paises!C12:AG12) -> 0.066831442 | F20: =MIN(Crecimiento_Paises!C12:AG12) -> -0.10940071 | G20: =STDEV(Crecimiento_Paises!C12:AG12) -> 0.033558854 | H20: =G20/ABS(C20) -> 1.5994447 | I20: =(Datos_EUR_Paises!AH12/Datos_EUR_Paises!C12)^(1/31)-1 -> 0.020421051
A21: Estonia | B21: Eurozona | C21: =AVERAGE(Crecimiento_Paises!C13:AG13) -> 0.034613661 | D21: =MEDIAN(Crecimiento_Paises!C13:AG13) -> 0.037266494 | E21: =MAX(Crecimiento_Paises!C13:AG13) -> 0.13050021 | F21: =MIN(Crecimiento_Paises!C13:AG13) -> -0.14630223 | G21: =STDEV(Crecimiento_Paises!C13:AG13) -> 0.054368112 | H21: =G21/ABS(C21) -> 1.5707125 | I21: =(Datos_EUR_Paises!AH13/Datos_EUR_Paises!C13)^(1/31)-1 -> 0.033167889
A22: Finlandia | B22: Eurozona | C22: =AVERAGE(Crecimiento_Paises!C14:AG14) -> 0.019647492 | D22: =MEDIAN(Crecimiento_Paises!C14:AG14) -> 0.025719341 | E22: =MAX(Crecimiento_Paises!C14:AG14) -> 0.063977007 | F22: =MIN(Crecimiento_Paises!C14:AG14) -> -0.080760312 | G22: =STDEV(Crecimiento_Paises!C14:AG14) -> 0.029071273 | H22: =G22/ABS(C22) -> 1.4796429 | I22: =(Datos_EUR_Paises!AH14/Datos_EUR_Paises!C14)^(1/31)-1 -> 0.019235868
A23: Francia | B23: Eurozona | C23: =AVERAGE(Crecimiento_Paises!C15:AG15) -> 0.016119595 | D23: =MEDIAN(Crecimiento_Paises!C15:AG15) -> 0.01899467 | E23: =MAX(Crecimiento_Paises!C15:AG15) -> 0.068823378 | F23: =MIN(Crecimiento_Paises!C15:AG15) -> -0.074406459 | G23: =STDEV(Crecimiento_Paises!C15:AG15) -> 0.022876218 | H23: =G23/ABS(C23) -> 1.4191559 | I23: =(Datos_EUR_Paises!AH15/Datos_EUR_Paises!C15)^(1/31)-1 -> 0.015862969
A24: Grecia | B24: Eurozona | C24: =AVERAGE(Crecimiento_Paises!C16:AG16) -> 0.011701583 | D24: =MEDIAN(Crecimiento_Paises!C16:AG16) -> 0.020865743 | E24: =MAX(Crecimiento_Paises!C16:AG16) -> 0.086544979 | F24: =MIN(Crecimiento_Paises!C16:AG16) -> -0.098767788 | G24: =STDEV(Crecimiento_Paises!C16:AG16) -> 0.045123743 | H24: =G24/ABS(C24) -> 3.8562085 | I24: =(Datos_EUR_Paises!AH16/Datos_EUR_Paises!C16)^(1/31)-1 -> 0.010694623
... A34: Reino Unido | B34: UK | C34: =AVERAGE(Crecimiento_Paises!C26:AG26) -> 0.020759892 | D34: =MEDIAN(Crecimiento_Paises!C26:AG26) -> 0.023260185 | E34: =MAX(Crecimiento_Paises!C26:AG26) -> 0.085431118 | F34: =MIN(Crecimiento_Paises!C26:AG26) -> -0.10047897 | G34: =STDEV(Crecimiento_Paises!C26:AG26) -> 0.030869041 | H34: =G34/ABS(C34) -> 1.4869558 | I34: =(Datos_EUR_Paises!AH26/Datos_EUR_Paises!C26)^(1/31)-1 -> 0.020288361

Sheet Volatilidad
A1: Volatilidad del crecimiento: desv. típica móvil de 5 años por bloque
A2: Desv. típica calculada sobre los crecimientos de los 5 años terminados en el año indicado. Primer dato disponible: 1998.
A4: Año | B4: Eurozona | C4: EEUU | D4: UK
A5: 1998 | B5: =STDEV(Crecimiento_Bloques!B5:F5) -> 0.0047291662 | C5: =STDEV(Crecimiento_Bloques!B6:F6) -> 0.0073287805 | D5: =STDEV(Crecimiento_Bloques!B7:F7) -> 0.010330051
A6: 1999 | B6: =STDEV(Crecimiento_Bloques!C5:G5) -> 0.0052609266 | C6: =STDEV(Crecimiento_Bloques!C6:G6) -> 0.00841297 | D6: =STDEV(Crecimiento_Bloques!C7:G7) -> 0.0087264619
A7: 2000 | B7: =STDEV(Crecimiento_Bloques!D5:H5) -> 0.0077157759 | C7: =STDEV(Crecimiento_Bloques!D6:H6) -> 0.0039377239 | D7: =STDEV(Crecimiento_Bloques!D7:H7) -> 0.010011538
A8: 2001 | B8: =STDEV(Crecimiento_Bloques!E5:I5) -> 0.0061818138 | C8: =STDEV(Crecimiento_Bloques!E6:I6) -> 0.015825712 | D8: =STDEV(Crecimiento_Bloques!E7:I7) -> 0.010617507
A9: 2002 | B9: =STDEV(Crecimiento_Bloques!F5:J5) -> 0.011098472 | C9: =STDEV(Crecimiento_Bloques!F6:J6) -> 0.017482808 | D9: =STDEV(Crecimiento_Bloques!F7:J7) -> 0.01050967
A10: 2003 | B10: =STDEV(Crecimiento_Bloques!G5:K5) -> 0.013422553 | C10: =STDEV(Crecimiento_Bloques!G6:K6) -> 0.015950674 | D10: =STDEV(Crecimiento_Bloques!G7:K7) -> 0.010491658
A11: 2004 | B11: =STDEV(Crecimiento_Bloques!H5:L5) -> 0.012657803 | C11: =STDEV(Crecimiento_Bloques!H6:L6) -> 0.013475428 | D11: =STDEV(Crecimiento_Bloques!H7:L7) -> 0.010868622
A12: 2005 | B12: =STDEV(Crecimiento_Bloques!I5:M5) -> 0.0071101635 | C12: =STDEV(Crecimiento_Bloques!I6:M6) -> 0.012124232 | D12: =STDEV(Crecimiento_Bloques!I7:M7) -> 0.0056295875
A13: 2006 | B13: =STDEV(Crecimiento_Bloques!J5:N5) -> 0.010498352 | C13: =STDEV(Crecimiento_Bloques!J6:N6) -> 0.0082150054 | D13: =STDEV(Crecimiento_Bloques!J7:N7) -> 0.0057851459
A14: 2007 | B14: =STDEV(Crecimiento_Bloques!K5:O5) -> 0.010254202 | C14: =STDEV(Crecimiento_Bloques!K6:O6) -> 0.0071267135 | D14: =STDEV(Crecimiento_Bloques!K7:O7) -> 0.0042724499
A15: 2008 | B15: =STDEV(Crecimiento_Bloques!L5:P5) -> 0.011527191 | C15: =STDEV(Crecimiento_Bloques!L6:P6) -> 0.014825417 | D15: =STDEV(Crecimiento_Bloques!L7:P7) -> 0.012069663
A16: 2009 | B16: =STDEV(Crecimiento_Bloques!M5:Q5) -> 0.031727717 | C16: =STDEV(Crecimiento_Bloques!M6:Q6) -> 0.024395956 | D16: =STDEV(Crecimiento_Bloques!M7:Q7) -> 0.03165261
A17: 2010 | B17: =STDEV(Crecimiento_Bloques!N5:R5) -> 0.032027575 | C17: =STDEV(Crecimiento_Bloques!N6:R6) -> 0.022717277 | D17: =STDEV(Crecimiento_Bloques!N7:R7) -> 0.030836653
A18: 2011 | B18: =STDEV(Crecimiento_Bloques!O5:S5) -> 0.029736475 | C18: =STDEV(Crecimiento_Bloques!O6:S6) -> 0.02091011 | D18: =STDEV(Crecimiento_Bloques!O7:S7) -> 0.029612749
A19: 2012 | B19: =STDEV(Crecimiento_Bloques!P5:T5) -> 0.026700869 | C19: =STDEV(Crecimiento_Bloques!P6:T6) -> 0.021368186 | D19: =STDEV(Crecimiento_Bloques!P7:T7) -> 0.027026534
A20: 2013 | B20: =STDEV(Crecimiento_Bloques!Q5:U5) -> 0.026484287 | C20: =STDEV(Crecimiento_Bloques!Q6:U6) -> 0.021597052 | D20: =STDEV(Crecimiento_Bloques!Q7:U7) -> 0.028080481
A21: 2014 | B21: =STDEV(Crecimiento_Bloques!R5:V5) -> 0.013233913 | C21: =STDEV(Crecimiento_Bloques!R6:V6) -> 0.0043631958 | D21: =STDEV(Crecimiento_Bloques!R7:V7) -> 0.008643762
A22: 2015 | B22: =STDEV(Crecimiento_Bloques!S5:W5) -> 0.013295032 | C22: =STDEV(Crecimiento_Bloques!S6:W6) -> 0.0051003175 | D22: =STDEV(Crecimiento_Bloques!S7:W7) -> 0.0085358189
A23: 2016 | B23: =STDEV(Crecimiento_Bloques!T5:X5) -> 0.013336967 | C23: =STDEV(Crecimiento_Bloques!T6:X6) -> 0.0042526379 | D23: =STDEV(Crecimiento_Bloques!T7:X7) -> 0.0063176595
A24: 2017 | B24: =STDEV(Crecimiento_Bloques!U5:Y5) -> 0.010630096 | C24: =STDEV(Crecimiento_Bloques!U6:Y6) -> 0.0042698042 | D24: =STDEV(Crecimiento_Bloques!U7:Y7) -> 0.0061708946
A25: 2018 | B25: =STDEV(Crecimiento_Bloques!V5:Z5) -> 0.0044285131 | C25: =STDEV(Crecimiento_Bloques!V6:Z6) -> 0.0046706056 | D25: =STDEV(Crecimiento_Bloques!V7:Z7) -> 0.0066895424
A26: 2019 | B26: =STDEV(Crecimiento_Bloques!W5:AA5) -> 0.0039948093 | C26: =STDEV(Crecimiento_Bloques!W6:AA6) -> 0.0046722858 | D26: =STDEV(Crecimiento_Bloques!W7:AA7) -> 0.0068143637
A27: 2020 | B27: =STDEV(Crecimiento_Bloques!X5:AB5) -> 0.036049427 | C27: =STDEV(Crecimiento_Bloques!X6:AB6) -> 0.021069399 | D27: =STDEV(Crecimiento_Bloques!X7:AB7) -> 0.054347333
A28: 2021 | B28: =STDEV(Crecimiento_Bloques!Y5:AC5) -> 0.045440574 | C28: =STDEV(Crecimiento_Bloques!Y6:AC6) -> 0.029383961 | D28: =STDEV(Crecimiento_Bloques!Y7:AC7) -> 0.067699114
A29: 2022 | B29: =STDEV(Crecimiento_Bloques!Z5:AD5) -> 0.046431309 | C29: =STDEV(Crecimiento_Bloques!Z6:AD6) -> 0.029388597 | D29: =STDEV(Crecimiento_Bloques!Z7:AD7) -> 0.070021831
A30: 2023 | B30: =STDEV(Crecimiento_Bloques!AA5:AE5) -> 0.046593611 | C30: =STDEV(Crecimiento_Bloques!AA6:AE6) -> 0.029352041 | D30: =STDEV(Crecimiento_Bloques!AA7:AE7) -> 0.070136439
A31: 2024 | B31: =STDEV(Crecimiento_Bloques!AB5:AF5) -> 0.046551181 | C31: =STDEV(Crecimiento_Bloques!AB6:AF6) -> 0.029404078 | D31: =STDEV(Crecimiento_Bloques!AB7:AF7) -> 0.070128579
A34: Drawdown máximo del PIB (caída acumulada respecto a pico previo)
A35: Bloque | B35: PIB máximo (M€) | C35: PIB mínimo posterior (M€) | D35: Peor caída anual
A36: Eurozona | B36: =MAX(Bloques_EUR!B5:AF5) -> 11998290 | C36: =MIN(Bloques_EUR!B5:AF5) -> 7482430.5 | D36: =MIN(Crecimiento_Bloques!B5:AF5) -> -0.060567443
A37: EEUU | B37: =MAX(Bloques_EUR!B6:AF6) -> 19788420 | C37: =MIN(Bloques_EUR!B6:AF6) -> 9325664 | D37: =MIN(Crecimiento_Bloques!B6:AF6) -> -0.025765002
A38: UK | B38: =MAX(Bloques_EUR!B7:AF7) -> 2959134.5 | C38: =MIN(Bloques_EUR!B7:AF7) -> 1605530.1 | D38: =MIN(Crecimiento_Bloques!B7:AF7) -> -0.10047897

Sheet Graficas
A1: Gráficas — PIB Eurozona/EEUU/UK 1993-2024
A2: Todas las series enlazan dinámicamente a las hojas de cálculo correspondientes.
N4: Ranking de países por CAGR 1993-2024
N5: Rank | O5: País | P5: CAGR
N6: 1 | O6: =INDEX(Estadisticos!$A$13:$A$34,MATCH(P6,Estadisticos!$I$13:$I$34,0)) -> Irlanda | P6: =LARGE(Estadisticos!$I$13:$I$34,1) -> 0.057852529
N7: 2 | O7: =INDEX(Estadisticos!$A$13:$A$34,MATCH(P7,Estadisticos!$I$13:$I$34,0)) -> Malta | P7: =LARGE(Estadisticos!$I$13:$I$34,2) -> 0.051610727
N8: 3 | O8: =INDEX(Estadisticos!$A$13:$A$34,MATCH(P8,Estadisticos!$I$13:$I$34,0)) -> Eslovaquia | P8: =LARGE(Estadisticos!$I$13:$I$34,3) -> 0.034925
N9: 4 | O9: =INDEX(Estadisticos!$A$13:$A$34,MATCH(P9,Estadisticos!$I$13:$I$34,0)) -> Chipre | P9: =LARGE(Estadisticos!$I$13:$I$34,4) -> 0.034672403
N10: 5 | O10: =INDEX(Estadisticos!$A$13:$A$34,MATCH(P10,Estadisticos!$I$13:$I$34,0)) -> Lituania | P10: =LARGE(Estadisticos!$I$13:$I$34,5) -> 0.034666185
N11: 6 | O11: =INDEX(Estadisticos!$A$13:$A$34,MATCH(P11,Estadisticos!$I$13:$I$34,0)) -> Estonia | P11: =LARGE(Estadisticos!$I$13:$I$34,6) -> 0.033167889
N12: 7 | O12: =INDEX(Estadisticos!$A$13:$A$34,MATCH(P12,Estadisticos!$I$13:$I$34,0)) -> Letonia | P12: =LARGE(Estadisticos!$I$13:$I$34,7) -> 0.032188057
N13: 8 | O13: =INDEX(Estadisticos!$A$13:$A$34,MATCH(P13,Estadisticos!$I$13:$I$34,0)) -> Luxemburgo | P13: =LARGE(Estadisticos!$I$13:$I$34,8) -> 0.029003351
N14: 9 | O14: =INDEX(Estadisticos!$A$13:$A$34,MATCH(P14,Estadisticos!$I$13:$I$34,0)) -> Croacia | P14: =LARGE(Estadisticos!$I$13:$I$34,9) -> 0.027399729
N15: 10 | O15: =INDEX(Estadisticos!$A$13:$A$34,MATCH(P15,Estadisticos!$I$13:$I$34,0)) -> Eslovenia | P15: =LARGE(Estadisticos!$I$13:$I$34,10) -> 0.02733737
N16: 11 | O16: =INDEX(Estadisticos!$A$13:$A$34,MATCH(P16,Estadisticos!$I$13:$I$34,0)) -> EEUU | P16: =LARGE(Estadisticos!$I$13:$I$34,11) -> 0.025476334
N17: 12 | O17: =INDEX(Estadisticos!$A$13:$A$34,MATCH(P17,Estadisticos!$I$13:$I$34,0)) -> España | P17: =LARGE(Estadisticos!$I$13:$I$34,12) -> 0.020421051
N18: 13 | O18: =INDEX(Estadisticos!$A$13:$A$34,MATCH(P18,Estadisticos!$I$13:$I$34,0)) -> Países Bajos | P18: =LARGE(Estadisticos!$I$13:$I$34,13) -> 0.020303434
N19: 14 | O19: =INDEX(Estadisticos!$A$13:$A$34,MATCH(P19,Estadisticos!$I$13:$I$34,0)) -> Reino Unido | P19: =LARGE(Estadisticos!$I$13:$I$34,14) -> 0.020288361
N20: 15 | O20: =INDEX(Estadisticos!$A$13:$A$34,MATCH(P20,Estadisticos!$I$13:$I$34,0)) -> Finlandia | P20: =LARGE(Estadisticos!$I$13:$I$34,15) -> 0.019235868
N21: 16 | O21: =INDEX(Estadisticos!$A$13:$A$34,MATCH(P21,Estadisticos!$I$13:$I$34,0)) -> Bélgica | P21: =LARGE(Estadisticos!$I$13:$I$34,16) -> 0.018544819
N22: 17 | O22: =INDEX(Estadisticos!$A$13:$A$34,MATCH(P22,Estadisticos!$I$13:$I$34,0)) -> Austria | P22: =LARGE(Estadisticos!$I$13:$I$34,17) -> 0.016490531
N23: 18 | O23: =INDEX(Estadisticos!$A$13:$A$34,MATCH(P23,Estadisticos!$I$13:$I$34,0)) -> Francia | P23: =LARGE(Estadisticos!$I$13:$I$34,18) -> 0.015862969
N24: 19 | O24: =INDEX(Estadisticos!$A$13:$A$34,MATCH(P24,Estadisticos!$I$13:$I$34,0)) -> Portugal | P24: =LARGE(Estadisticos!$I$13:$I$34,19) -> 0.015452966
N25: 20 | O25: =INDEX(Estadisticos!$A$13:$A$34,MATCH(P25,Estadisticos!$I$13:$I$34,0)) -> Alemania | P25: =LARGE(Estadisticos!$I$13:$I$34,20) -> 0.012388894
N26: 21 | O26: =INDEX(Estadisticos!$A$13:$A$34,MATCH(P26,Estadisticos!$I$13:$I$34,0)) -> Grecia | P26: =LARGE(Estadisticos!$I$13:$I$34,21) -> 0.010694623
N27: 22 | O27: =INDEX(Estadisticos!$A$13:$A$34,MATCH(P27,Estadisticos!$I$13:$I$34,0)) -> Italia | P27: =LARGE(Estadisticos!$I$13:$I$34,22) -> 0.0079574705
A95: Cuota relativa de cada bloque sobre el total (cálculo auxiliar)
A96: Bloque | B96: 1993 | C96: 1994 | D96: 1995 | E96: 1996 | F96: 1997 | G96: 1998 | H96: 1999 | I96: 2000 | J96: 2001 | K96: 2002 | L96: 2003 | M96: 2004 | N96: 2005 | O96: 2006 | P96: 2007 | Q96: 2008 | R96: 2009 | S96: 2010 | T96: 2011 | U96: 2012 | V96: 2013 | W96: 2014 | X96: 2015 | Y96: 2016 | Z96: 2017 | AA96: 2018 | AB96: 2019 | AC96: 2020 | AD96: 2021 | AE96: 2022 | AF96: 2023 | AG96: 2024
A97: Eurozona | B97: =Bloques_EUR!B5/Bloques_EUR!B8 -> 0.40635294 | C97: =Bloques_EUR!C5/Bloques_EUR!C8 -> 0.40250815 | D97: =Bloques_EUR!D5/Bloques_EUR!D8 -> 0.40171016 | E97: =Bloques_EUR!E5/Bloques_EUR!E8 -> 0.39736993 | F97: =Bloques_EUR!F5/Bloques_EUR!F8 -> 0.39333988 | G97: =Bloques_EUR!G5/Bloques_EUR!G8 -> 0.39035227 | H97: =Bloques_EUR!H5/Bloques_EUR!H8 -> 0.38689905 | I97: =Bloques_EUR!I5/Bloques_EUR!I8 -> 0.3863503 | ... AG97: =Bloques_EUR!AG5/Bloques_EUR!AG8 -> 0.34162714
A98: EEUU | B98: =Bloques_EUR!B6/Bloques_EUR!B8 -> 0.50645455 | C98: =Bloques_EUR!C6/Bloques_EUR!C8 -> 0.50907024 | D98: =Bloques_EUR!D6/Bloques_EUR!D8 -> 0.50912721 | E98: =Bloques_EUR!E6/Bloques_EUR!E8 -> 0.51367476 | F98: =Bloques_EUR!F6/Bloques_EUR!F8 -> 0.51679378 | G98: =Bloques_EUR!G6/Bloques_EUR!G8 -> 0.5202511 | H98: =Bloques_EUR!H6/Bloques_EUR!H8 -> 0.52455149 | I98: =Bloques_EUR!I6/Bloques_EUR!I8 -> 0.52469566 | ... AG98: =Bloques_EUR!AG6/Bloques_EUR!AG8 -> 0.57393836
A99: UK | B99: =Bloques_EUR!B7/Bloques_EUR!B8 -> 0.087192507 | C99: =Bloques_EUR!C7/Bloques_EUR!C8 -> 0.088421612 | D99: =Bloques_EUR!D7/Bloques_EUR!D8 -> 0.089162629 | E99: =Bloques_EUR!E7/Bloques_EUR!E8 -> 0.088955307 | F99: =Bloques_EUR!F7/Bloques_EUR!F8 -> 0.089866335 | G99: =Bloques_EUR!G7/Bloques_EUR!G8 -> 0.089396627 | H99: =Bloques_EUR!H7/Bloques_EUR!H8 -> 0.088549459 | I99: =Bloques_EUR!I7/Bloques_EUR!I8 -> 0.088954035 | ... AG99: =Bloques_EUR!AG7/Bloques_EUR!AG8 -> 0.084434499
